AU01,AU02,AU04,AU05,AU06,AU07,AU09,AU10,AU11,AU12,AU14,AU15,AU17,AU20,AU23,AU24,AU25,AU26,AU28,AU43,input
0.44694384930000003,0.479703635,0.469073534,0.4181055427,0.1388224512,0.0,0.2867901325,0.1618322134,0.4705888629,0.1221333966,0.18445882200000002,0.512342751,0.5047720075000001,0.0,0.4517873228,0.5434229970000001,0.0015637379,0.09159614890000001,0.1942076832,0.0325557701,C:/Users/Alessandro/Desktop/bachelor-s-thesis/datasets/Student-engagement-dataset/Not engaged/drowsy/0018.jpg
0.4611437023,0.5260220766,0.33969473840000003,0.3645087779,0.1265419722,1.0,0.34344062210000004,0.14479771260000002,0.4694850743,0.0963980183,0.1536372006,0.2027890682,0.5650126338,0.0,0.4276981354,0.5370201468,0.0097369459,0.17796646060000001,0.48581722380000003,0.2799294889,C:/Users/Alessandro/Desktop/bachelor-s-thesis/datasets/Student-engagement-dataset/Not engaged/drowsy/0019.jpg
0.5507994294,0.5054366589,0.35823264720000003,0.34510806200000005,0.1669252664,1.0,0.3985666335,0.0229506921,0.4708347619,0.11391157660000001,0.22518746550000002,0.5957759023,0.6889525652,0.0,0.4766692221,0.5816427469000001,0.0092672072,0.19224463400000003,0.4152220488,0.6839920282,C:/Users/Alessandro/Desktop/bachelor-s-thesis/datasets/Student-engagement-dataset/Not engaged/drowsy/0020.jpg
0.2607902586,0.5303668380000001,0.4402121007,0.33335495,0.1111413762,1.0,0.2640483379,0.0387122445,0.4613740146,0.0594965033,0.19239635770000002,0.3057938814,0.5856562257,0.0,0.3194945455,0.4483990967,0.0422215387,0.1551563293,0.1339141726,0.6843870282000001,C:/Users/Alessandro/Desktop/bachelor-s-thesis/datasets/Student-engagement-dataset/Not engaged/drowsy/0021.jpg
0.32913303380000003,0.5274339318,0.346585542,0.2857242823,0.0957383215,1.0,0.2149755657,0.0010248818000000001,0.46023371820000003,0.08257576080000001,0.2433813065,0.5108973384000001,0.5742293596,0.0,0.3126288652,0.4515060186,0.017689216900000002,0.207349956,0.2961330116,0.49046319720000003,C:/Users/Alessandro/Desktop/bachelor-s-thesis/datasets/Student-engagement-dataset/Not engaged/drowsy/0022.jpg
0.39867794510000004,0.46999588610000004,0.4498671591,0.3263895512,0.0948591828,1.0,0.2246335149,0.0021959268000000002,0.4603565633,0.044959262,0.20986419920000002,0.1836545914,0.5735812187,0.0,0.3445523381,0.4715787172,0.0086035207,0.1368182749,0.20258024330000002,0.20551911,C:/Users/Alessandro/Desktop/bachelor-s-thesis/datasets/Student-engagement-dataset/Not engaged/drowsy/0023.jpg
0.3917162716,0.48259916900000005,0.3286892474,0.4409136474,0.0898365453,1.0,0.1555992961,0.0010011399,0.4618347883,0.061212599300000003,0.34312787650000004,0.4534583688,0.5836488008,0.0,0.3605093956,0.4671877921,0.001795902,0.1343252361,0.1571033299,0.0236181729,C:/Users/Alessandro/Desktop/bachelor-s-thesis/datasets/Student-engagement-dataset/Not engaged/drowsy/0024.jpg
0.485545814,0.5049550533,0.5568825603,0.296438843,0.18937501310000002,0.0,0.3892849386,0.0089552635,0.46575322750000003,0.0845949426,0.2330352664,0.5041317940000001,0.6203896403,0.0,0.5508894324,0.584813714,0.0225571822,0.2196827382,0.27926641700000004,0.5590203404,C:/Users/Alessandro/Desktop/bachelor-s-thesis/datasets/Student-engagement-dataset/Not engaged/drowsy/0025.jpg
0.4015134275,0.48001194,0.44117513300000005,0.26419723030000003,0.1708102971,1.0,0.37485679980000003,0.2316819876,0.46497777100000004,0.0932311043,0.18425467610000001,0.3843817711,0.5842692256,0.0,0.4801447988,0.584813714,0.00277449,0.1922745854,0.6586624980000001,0.6172239780000001,C:/Users/Alessandro/Desktop/bachelor-s-thesis/datasets/Student-engagement-dataset/Not engaged/drowsy/0026.jpg
0.5109805465,0.4519094825,0.3220638335,0.2708677053,0.1327036619,0.0,0.3199187517,0.0438811444,0.4714303911,0.1050927341,0.2534388006,0.1461898386,0.6200855374,0.0,0.5401353836,0.5551181436,0.023933658400000002,0.1322176605,0.4465345144,0.6619272828,C:/Users/Alessandro/Desktop/bachelor-s-thesis/datasets/Student-engagement-dataset/Not engaged/drowsy/0027.jpg
0.5341514349,0.5171692967,0.3085505068,0.34752312300000004,0.1647245437,1.0,0.2951040864,0.0399579704,0.46238249540000004,0.09749253840000001,0.256726712,0.4973162413,0.5990461707,0.0,0.42519804840000003,0.5838154554,0.0169144217,0.2191519737,0.3786372244,0.6906893253,C:/Users/Alessandro/Desktop/bachelor-s-thesis/datasets/Student-engagement-dataset/Not engaged/drowsy/0028.jpg
0.48673573140000004,0.5496755838,0.3835521042,0.2758991122,0.1524430513,0.0,0.34285604950000004,0.1697716564,0.46786913280000003,0.09143449370000001,0.205339089,0.38877898450000004,0.6379578114000001,0.0,0.45563605430000004,0.584813714,0.0081681926,0.18134269120000002,0.4213505685,0.7121716142000001,C:/Users/Alessandro/Desktop/bachelor-s-thesis/datasets/Student-engagement-dataset/Not engaged/drowsy/0029.jpg
0.4409972727,0.40727561710000004,0.2599491775,0.40409731860000003,0.1435509026,1.0,0.39289963250000004,0.5047499537,0.47431167960000004,0.0997525603,0.31158664820000004,0.3504977822,0.570266664,0.0,0.5126248598,0.5808750987,0.0026779557,0.1244836971,0.1935085654,0.6522654295,C:/Users/Alessandro/Desktop/bachelor-s-thesis/datasets/Student-engagement-dataset/Not engaged/drowsy/0030.jpg
0.46658456330000003,0.4652157128,0.3881780803,0.37211695310000004,0.1481918097,1.0,0.3221032023,0.054970745,0.4735108912,0.1261986047,0.314081192,0.4206106365,0.6579525471000001,0.0,0.43934631350000003,0.5849173665,0.0028309610000000003,0.1416532695,0.539141953,0.454623282,C:/Users/Alessandro/Desktop/bachelor-s-thesis/datasets/Student-engagement-dataset/Not engaged/drowsy/0031.jpg
0.5426202416,0.412511915,0.31373441220000003,0.3296309114,0.1385710239,0.0,0.3248274922,0.5294191241,0.4696311951,0.114526473,0.299675703,0.4805498123,0.6121606827,0.0,0.5570285916000001,0.5982963443,0.005287041,0.2023747116,0.23245649040000002,0.6685649753,C:/Users/Alessandro/Desktop/bachelor-s-thesis/datasets/Student-engagement-dataset/Not engaged/drowsy/0032.jpg
0.4531827271,0.42108789090000004,0.3221534193,0.3561243713,0.1521904618,1.0,0.3729229569,0.0075352322,0.4674020112,0.1321304888,0.1887770742,0.6524654627,0.6183083653,0.0,0.628960669,0.5989921093,0.004059935000000001,0.1918640733,0.14263592660000002,0.6424203515,C:/Users/Alessandro/Desktop/bachelor-s-thesis/datasets/Student-engagement-dataset/Not engaged/drowsy/0033.jpg
0.4602341056,0.44906529780000004,0.4302728474,0.32200419900000005,0.1241155416,1.0,0.3652082682,0.3270651102,0.4658050239,0.1349360943,0.3430483043,0.1252467632,0.5612717867,0.0,0.588974297,0.5872393847,0.012355689000000001,0.0894721374,0.18433135750000001,0.2177705616,C:/Users/Alessandro/Desktop/bachelor-s-thesis/datasets/Student-engagement-dataset/Not engaged/drowsy/0034.jpg
0.4316036999,0.5022727847,0.2851498127,0.38534161450000004,0.1426356435,1.0,0.3576298356,0.0322339498,0.47328493,0.1325118542,0.2663078606,0.4854555726,0.6450392008,0.0,0.49966335300000003,0.5882352591000001,0.0012399761,0.1917684376,0.4948035181,0.1922927946,C:/Users/Alessandro/Desktop/bachelor-s-thesis/datasets/Student-engagement-dataset/Not engaged/drowsy/0035.jpg
0.27407372,0.46695303920000003,0.5588861108000001,0.2873904705,0.18192131820000002,0.0,0.4385131896,0.023741845,0.4749322534,0.1221852824,0.4003588259,0.2592948973,0.577712059,0.0,0.6619490385,0.5747243166,0.0042445227,0.08574327080000001,0.2456613481,0.5162349939,C:/Users/Alessandro/Desktop/bachelor-s-thesis/datasets/Student-engagement-dataset/Not engaged/drowsy/0036.jpg
0.36932235960000004,0.4973056316,0.38228631020000003,0.36081659790000004,0.1492519975,0.0,0.3925203681,0.006108026000000001,0.46986383200000004,0.1439873427,0.3230868578,0.350576371,0.5587795973,0.0,0.352732718,0.5470149517,0.004997592,0.1290991902,0.28097742800000003,0.12734428050000002,C:/Users/Alessandro/Desktop/bachelor-s-thesis/datasets/Student-engagement-dataset/Not engaged/drowsy/0037.jpg
0.2560907602,0.5115926862,0.4904993474,0.3255625963,0.3571596742,0.0,0.4715876579,0.136768207,0.515730083,0.455217123,0.5236774683000001,0.1289346069,0.3413194418,1.0,0.2999156415,0.36509415510000004,0.9982802868,0.29965171220000003,0.012518727200000001,0.6851401925,C:/Users/Alessandro/Desktop/bachelor-s-thesis/datasets/Student-engagement-dataset/Not engaged/drowsy/0057.jpg
0.3238029182,0.5174799562,0.44384339450000004,0.31571578980000004,0.5577290058000001,0.0,0.48609706760000004,0.47315752510000003,0.46632197500000006,0.4370075464,0.455611527,0.5535952449,0.4731105566,1.0,0.5187661052,0.5636001229000001,0.5844746232,0.3697733581,0.0747471526,0.7014870644,C:/Users/Alessandro/Desktop/bachelor-s-thesis/datasets/Student-engagement-dataset/Not engaged/drowsy/0058.jpg
0.2808669508,0.5180781484,0.4507859945,0.30130526420000003,0.5237196088,1.0,0.4310627878,0.6083291769,0.4724316001,0.4474344254,0.5598213077,0.2365530431,0.5262690187,1.0,0.4145657122,0.5659992099,0.011115591000000001,0.2062246799,0.06519760940000001,0.7300185561,C:/Users/Alessandro/Desktop/bachelor-s-thesis/datasets/Student-engagement-dataset/Not engaged/drowsy/0059.jpg
0.5620868802,0.520955503,0.3581461906,0.38037219640000003,0.2237100601,1.0,0.493803829,0.0474585854,0.4721758366,0.13104632500000002,0.3043077886,0.3475258946,0.5879821777,0.0,0.5645822883,0.5607265234000001,0.0055729048,0.3038737178,0.354251653,0.026595929600000002,C:/Users/Alessandro/Desktop/bachelor-s-thesis/datasets/Student-engagement-dataset/Not engaged/drowsy/0063.jpg
0.5877656341,0.5241351128,0.356354326,0.39149278400000004,0.1854097694,0.0,0.4011659622,0.049756974,0.4720952809,0.11046892400000001,0.32364037630000003,0.1814692467,0.6329276562,0.0,0.5671806335,0.5937478542,0.1334381402,0.14847020800000002,0.2147248089,0.0253786948,C:/Users/Alessandro/Desktop/bachelor-s-thesis/datasets/Student-engagement-dataset/Not engaged/drowsy/0064.jpg
0.5744435787000001,0.4471413493,0.47727867960000003,0.3441005945,0.2152490616,1.0,0.41020289060000004,0.0041726669,0.4731882811,0.13039253650000002,0.33035084610000004,0.4353951514,0.6539620161,0.0,0.4201640189,0.590256989,0.0293797571,0.3089123666,0.5355944037,0.14978110790000002,C:/Users/Alessandro/Desktop/bachelor-s-thesis/datasets/Student-engagement-dataset/Not engaged/drowsy/0065.jpg
0.5561662912,0.4636468291,0.3254753053,0.35655134920000003,0.2182192057,1.0,0.49125233290000003,0.0199414399,0.4653695822,0.1538483649,0.3446962237,0.3471977115,0.6333413720000001,0.0,0.4323616326,0.5926756859,0.1630120724,0.2123520672,0.3044822514,0.5208479166000001,C:/Users/Alessandro/Desktop/bachelor-s-thesis/datasets/Student-engagement-dataset/Not engaged/drowsy/0066.jpg
0.4742335975,0.42521959540000004,0.2769979537,0.2564336061,0.24960651990000002,0.0,0.4134572744,0.012219477400000001,0.4722411931,0.1659775376,0.4559216797,0.34413954620000003,0.6556407213000001,0.0,0.5879980326,0.5858435035,0.0090864161,0.4155426323,0.5014814734,0.6244380474,C:/Users/Alessandro/Desktop/bachelor-s-thesis/datasets/Student-engagement-dataset/Not engaged/drowsy/0067.jpg
0.519466579,0.46566259860000003,0.4675198793,0.3438370526,0.2647824287,0.0,0.4271192253,0.1140353009,0.4653635621,0.1440305114,0.5117153525,0.449110508,0.6340086460000001,0.0,0.48787337540000003,0.5913415551,0.0576161109,0.2864915729,0.3544621468,0.7180298567000001,C:/Users/Alessandro/Desktop/bachelor-s-thesis/datasets/Student-engagement-dataset/Not engaged/drowsy/0068.jpg
0.5421225429000001,0.5303018093,0.2251208574,0.2835510671,0.2635479569,1.0,0.4015484154,0.0371178277,0.4737025499,0.0972718671,0.3672483861,0.38135641810000004,0.5653453469,0.0,0.4643912315,0.5607186556,0.0316547342,0.2876882851,0.2821876109,0.5462837815,C:/Users/Alessandro/Desktop/bachelor-s-thesis/datasets/Student-engagement-dataset/Not engaged/drowsy/0069.jpg
0.3448554873,0.4617545307,0.41224870090000004,0.3159953654,0.2859902382,1.0,0.5166779757000001,0.22267355020000001,0.4696955383,0.1075091735,0.37451410290000003,0.46527826790000004,0.6185508966000001,0.0,0.4458327889,0.5746593475,0.0065577971,0.253133595,0.41179475190000003,0.7986235619000001,C:/Users/Alessandro/Desktop/bachelor-s-thesis/datasets/Student-engagement-dataset/Not engaged/drowsy/0070.jpg
0.4081194401,0.45453721280000003,0.40724870560000004,0.2619669139,0.2990432978,1.0,0.4810523391,0.0167515893,0.47056806090000003,0.1441546082,0.4422444701,0.17228792610000002,0.6131862998000001,0.0,0.6882001162,0.5703531504,0.030889762600000002,0.1026642695,0.27510347960000003,0.7929028869,C:/Users/Alessandro/Desktop/bachelor-s-thesis/datasets/Student-engagement-dataset/Not engaged/drowsy/0071.jpg
0.4428153038,0.468252033,0.2427811176,0.2894408107,0.2360639572,1.0,0.4023192823,0.010849706800000001,0.46969687940000004,0.1558633149,0.3099368811,0.43538010120000004,0.5899819136000001,0.0,0.5054664612,0.5547694564,0.0070562642000000005,0.3576303422,0.1539623141,0.4645932317,C:/Users/Alessandro/Desktop/bachelor-s-thesis/datasets/Student-engagement-dataset/Not engaged/drowsy/0072.jpg
0.33042603730000003,0.48803517220000003,0.483905375,0.38451799750000004,0.2003959417,1.0,0.34612283110000003,0.020450616300000002,0.46403086190000004,0.08427600560000001,0.3031408787,0.27827590700000004,0.6682371497,0.0,0.6159986258,0.5989921093,0.0039542974,0.0537397936,0.3439108133,0.6176469326,C:/Users/Alessandro/Desktop/bachelor-s-thesis/datasets/Student-engagement-dataset/Not engaged/drowsy/0073.jpg
0.3438786864,0.4580169618,0.3884275258,0.3050626516,0.2064990401,0.0,0.42184615140000004,0.0247123092,0.4711603224,0.0640227273,0.3732749224,0.41721606250000004,0.6360272765,0.0,0.66450423,0.6022558808,0.0058465060000000004,0.16505062580000002,0.2938105464,0.8701818585000001,C:/Users/Alessandro/Desktop/bachelor-s-thesis/datasets/Student-engagement-dataset/Not engaged/drowsy/0074.jpg
0.3829570115,0.48140776160000004,0.47374054790000003,0.3207093179,0.2189354897,0.0,0.3019076586,0.0072651533,0.4641232491,0.0764882639,0.5957033634000001,0.43197926880000004,0.6296203136,0.0,0.6245341897000001,0.5976848602,0.0124969585,0.3270668685,0.7690038085,0.7783277631000001,C:/Users/Alessandro/Desktop/bachelor-s-thesis/datasets/Student-engagement-dataset/Not engaged/drowsy/0075.jpg
0.3569517136,0.461787045,0.6376667023,0.3228288889,0.18160927300000002,1.0,0.2979514003,0.0176118631,0.4657368362,0.036550026400000005,0.4226865172,0.36114683750000004,0.5466209054,0.0,0.5403695107,0.5813197494,0.005436861,0.1200978085,0.2271204591,0.5400844812,C:/Users/Alessandro/Desktop/bachelor-s-thesis/datasets/Student-engagement-dataset/Not engaged/drowsy/0076.jpg
0.2690263391,0.46080350880000004,0.2599588335,0.28311246630000003,0.1755149215,1.0,0.3387177289,0.0070348107000000005,0.4658804536,0.0489799641,0.2909985483,0.42363840340000003,0.5579106212,0.0,0.5140064955,0.5999117494,0.0021846499,0.1034760177,0.18259830770000002,0.6217019558,C:/Users/Alessandro/Desktop/bachelor-s-thesis/datasets/Student-engagement-dataset/Not engaged/drowsy/0077.jpg
0.373147428,0.4872678816,0.42593112590000004,0.3014898896,0.1959464699,1.0,0.3640858531,0.0070699016,0.4641398787,0.0578768142,0.45361304280000003,0.5122984648,0.6194289327,0.0,0.6578278542,0.4648831785,0.0233645942,0.1334960014,0.2563920617,0.6370547414000001,C:/Users/Alessandro/Desktop/bachelor-s-thesis/datasets/Student-engagement-dataset/Not engaged/drowsy/0078.jpg
0.3359191418,0.4830386639,0.4327610731,0.281686157,0.1511536092,0.0,0.30847859380000003,0.0721682161,0.4662392735,0.0315816887,0.3037588596,0.2819918692,0.6584321856,0.0,0.5569863915000001,0.5976848602,0.0792310312,0.0947927982,0.0688733235,0.8631743789,C:/Users/Alessandro/Desktop/bachelor-s-thesis/datasets/Student-engagement-dataset/Not engaged/drowsy/0079.jpg
0.3788900673,0.4689613581,0.4972345829,0.246350646,0.1469270885,1.0,0.298553884,0.3002546132,0.46647807960000004,0.0457508601,0.3238028586,0.141750589,0.5488651395,0.0,0.6367896199,0.4956173897,0.0021132415000000002,0.0900897086,0.3885727525,0.5780266523,C:/Users/Alessandro/Desktop/bachelor-s-thesis/datasets/Student-engagement-dataset/Not engaged/drowsy/0080.jpg
0.3563525677,0.48746553060000003,0.4675489068,0.2904797494,0.1999956518,1.0,0.35606795550000003,0.3673810959,0.4632161856,0.0619239435,0.4825230837,0.5125304461,0.5377087593000001,0.0,0.6409905553,0.5989921093,0.0663982779,0.1227621958,0.3679819703,0.5254989862,C:/Users/Alessandro/Desktop/bachelor-s-thesis/datasets/Student-engagement-dataset/Not engaged/drowsy/0081.jpg
0.310736984,0.42856124040000004,0.5947333574,0.3162662983,0.2018832415,0.0,0.3176908493,0.098304309,0.4631567895,0.06731089200000001,0.3000618517,0.3232026994,0.583938539,0.0,0.5638267994,0.5501140952,0.0678581074,0.1803897768,0.3892310858,0.6812760234,C:/Users/Alessandro/Desktop/bachelor-s-thesis/datasets/Student-engagement-dataset/Not engaged/drowsy/0082.jpg
0.2397700995,0.4137261212,0.34760516880000003,0.32595220210000003,0.18591962750000002,0.0,0.27219757440000003,0.014050382200000001,0.4643011093,0.052105620500000005,0.47162541750000003,0.24581557510000002,0.5836428404,0.0,0.5002667904,0.5981745124,0.0055512781,0.1931346804,0.2227419019,0.611970067,C:/Users/Alessandro/Desktop/bachelor-s-thesis/datasets/Student-engagement-dataset/Not engaged/drowsy/0083.jpg
0.2383057624,0.39301213620000003,0.5819506645,0.27635002140000003,0.1588596553,0.0,0.3128372133,0.1342180818,0.4631969631,0.036562688600000004,0.4036841989,0.4788665473,0.5955128074,0.0,0.45226502420000003,0.5994813442,0.0323335081,0.17234347760000002,0.2036730498,0.5621946454,C:/Users/Alessandro/Desktop/bachelor-s-thesis/datasets/Student-engagement-dataset/Not engaged/drowsy/0084.jpg
0.2780400813,0.3928355873,0.4986934364,0.252845943,0.1687097102,0.0,0.32723924520000003,0.153324008,0.4630618393,0.0513523258,0.3814347088,0.2969483435,0.6007685661000001,0.0,0.579390347,0.4941644073,0.0400378294,0.1562508196,0.2277336717,0.7650400996000001,C:/Users/Alessandro/Desktop/bachelor-s-thesis/datasets/Student-engagement-dataset/Not engaged/drowsy/0085.jpg
0.3681026697,0.4764146507,0.5022450686000001,0.31564718480000004,0.1871351004,1.0,0.3750508428,0.0361015834,0.46476882700000005,0.057817883800000004,0.4434423745,0.5226945281,0.5562526584,0.0,0.5351933837,0.5989921093,0.0061926791,0.23379115760000002,0.2182292342,0.5898289084,C:/Users/Alessandro/Desktop/bachelor-s-thesis/datasets/Student-engagement-dataset/Not engaged/drowsy/0086.jpg
0.32955142860000003,0.4565833211,0.4870564342,0.2924484909,0.1905728132,0.0,0.3549070358,0.11345432700000001,0.46778678890000003,0.053749870500000005,0.3345008492,0.2794121802,0.5743669271,0.0,0.5474421978,0.5994813442,0.08560863140000001,0.19391173120000002,0.062207773300000005,0.7306845784,C:/Users/Alessandro/Desktop/bachelor-s-thesis/datasets/Student-engagement-dataset/Not engaged/drowsy/0087.jpg
0.335569948,0.4807697535,0.5936580300000001,0.2907855213,0.18466436860000002,0.0,0.35237285490000003,0.48588824270000003,0.46527764200000005,0.0727225319,0.3688257635,0.2906713784,0.613181293,0.0,0.5844386220000001,0.5989844203,0.0266287532,0.1691970825,0.3919566572,0.7457630038,C:/Users/Alessandro/Desktop/bachelor-s-thesis/datasets/Student-engagement-dataset/Not engaged/drowsy/0088.jpg
0.329195559,0.42384234070000004,0.49136725070000004,0.23101313410000002,0.1685413569,0.0,0.3409738839,0.0325022452,0.4668227136,0.0762465,0.3401890695,0.5833092928,0.5815905333,0.0,0.6480169296,0.5981938243,0.038194079000000006,0.20545235280000002,0.7473421693000001,0.6999650598,C:/Users/Alessandro/Desktop/bachelor-s-thesis/datasets/Student-engagement-dataset/Not engaged/drowsy/0089.jpg
0.37442374230000003,0.41581019760000004,0.6510915756,0.2551413178,0.1998942196,0.0,0.3166585863,0.059158586000000006,0.46280545,0.0537238009,0.4239364266,0.1235387921,0.5948932171,0.0,0.40599846840000003,0.45696476100000005,0.060543563200000004,0.2110190094,0.2015587687,0.7842934132,C:/Users/Alessandro/Desktop/bachelor-s-thesis/datasets/Student-engagement-dataset/Not engaged/drowsy/0090.jpg
0.2960622311,0.4298311174,0.3704084158,0.315332979,0.15139885250000001,0.0,0.2950639427,0.48493117090000004,0.4649861753,0.0382652171,0.3260163665,0.2395859659,0.5678437352,0.0,0.4418783486,0.5968856215,0.0237707645,0.1137243956,0.0903876498,0.6124987006,C:/Users/Alessandro/Desktop/bachelor-s-thesis/datasets/Student-engagement-dataset/Not engaged/drowsy/0091.jpg
0.516171217,0.5316110849,0.600685358,0.3337775469,0.17156003420000002,0.0,0.35714748500000004,0.035371922,0.4957465231,0.2803219259,0.5613486767,0.0699401051,0.5181200504,1.0,0.5906972289,0.5576473475,0.176001966,0.4008648992,0.147923395,0.507134378,C:/Users/Alessandro/Desktop/bachelor-s-thesis/datasets/Student-engagement-dataset/Not engaged/drowsy/0092.jpg
0.5287399292,0.5417999029,0.37562420960000004,0.34128519890000003,0.2866883874,1.0,0.39841163160000004,0.13299052420000002,0.4712639749,0.4165520668,0.5924940109,0.11861450970000001,0.5417182446000001,1.0,0.4560874104,0.56733495,0.24620780350000002,0.3105477989,0.0543707386,0.6412498951000001,C:/Users/Alessandro/Desktop/bachelor-s-thesis/datasets/Student-engagement-dataset/Not engaged/drowsy/0093.jpg
0.4904092848,0.4821028411,0.6171696186,0.36154907940000003,0.1933630705,1.0,0.33797436950000004,0.10490753500000001,0.5005984902,0.3594208956,0.5588343143,0.41160979870000003,0.5395795703,1.0,0.5331558585,0.5622578859,0.6146585345000001,0.3745220006,0.041678711800000004,0.5462568998,C:/Users/Alessandro/Desktop/bachelor-s-thesis/datasets/Student-engagement-dataset/Not engaged/drowsy/0094.jpg
0.34982511400000005,0.44649040700000003,0.5841358304000001,0.2963966429,0.1972285658,0.0,0.3336004615,0.1066271961,0.4647281468,0.0699732676,0.4454720318,0.3609802723,0.5621128678,0.0,0.5216543078,0.5774708390000001,0.0024281428,0.14965623620000001,0.3749313354,0.6344683170000001,C:/Users/Alessandro/Desktop/bachelor-s-thesis/datasets/Student-engagement-dataset/Not engaged/drowsy/0095.jpg
0.36840724950000003,0.45658996700000004,0.42341396210000004,0.277461201,0.2351524979,1.0,0.3299916089,0.1747372597,0.4608463943,0.12185781450000001,0.4095068872,0.12423850600000001,0.5339796543,0.0,0.550750792,0.5880439281000001,0.030259141700000002,0.2277898639,0.4999328852,0.7341265082,C:/Users/Alessandro/Desktop/bachelor-s-thesis/datasets/Student-engagement-dataset/Not engaged/drowsy/0096.jpg
0.2016695142,0.41344285010000004,0.4003585577,0.28598243,0.2601086795,0.0,0.3713415265,0.1352796406,0.4614698291,0.1112802029,0.3377732337,0.32468158010000003,0.6609723568,0.0,0.6613906622,0.59344244,0.0249399468,0.30185195800000003,0.4407209754,0.7393834591,C:/Users/Alessandro/Desktop/bachelor-s-thesis/datasets/Student-engagement-dataset/Not engaged/drowsy/0097.jpg
0.2881911397,0.4084198177,0.5057184100000001,0.2955489457,0.1667755842,0.0,0.3920428455,0.020127438,0.4741279781,0.1017268151,0.3617589772,0.21831141410000002,0.6103605032,0.0,0.588150084,0.457356602,0.0053582033,0.0920892954,0.2116391659,0.4972875118,C:/Users/Alessandro/Desktop/bachelor-s-thesis/datasets/Student-engagement-dataset/Not engaged/drowsy/0098.jpg
0.35321560500000004,0.4463015795,0.35739919540000004,0.3037258685,0.16308882830000002,1.0,0.340249002,0.0379239917,0.46369922160000004,0.0572236106,0.3763355315,0.40207955240000004,0.6181200743,0.0,0.6049827337,0.4573440254,0.0027189106,0.0818322375,0.136525318,0.6763513088,C:/Users/Alessandro/Desktop/bachelor-s-thesis/datasets/Student-engagement-dataset/Not engaged/drowsy/0099.jpg
0.2724024653,0.41588482260000004,0.46213561300000006,0.3758888841,0.1329770833,0.0,0.3401897252,0.033628765500000005,0.46509552,0.0813494697,0.44334205990000003,0.2516440451,0.5728907585,0.0,0.6569797397,0.5821887255,0.0029990203,0.1384526938,0.2445153296,0.8601819873000001,C:/Users/Alessandro/Desktop/bachelor-s-thesis/datasets/Student-engagement-dataset/Not engaged/drowsy/0100.jpg
0.3249399066,0.4667950273,0.5817701817,0.3102642894,0.2243320942,0.0,0.2730321884,0.0100443428,0.4671129584,0.1035180986,0.3146370947,0.2276334167,0.5910507441,0.0,0.5508736372,0.5989921093,0.0221177805,0.24868468940000002,0.3720534444,0.7081382275,C:/Users/Alessandro/Desktop/bachelor-s-thesis/datasets/Student-engagement-dataset/Not engaged/drowsy/0101.jpg
0.34778955580000004,0.4646921456,0.3516031206,0.2869734764,0.1286564171,0.0,0.3459216356,0.6538459659,0.4654723108,0.1102991626,0.355858326,0.1823769659,0.596732676,0.0,0.47179365160000003,0.5880439281000001,0.015939723700000002,0.21303671600000001,0.2516069412,0.146339938,C:/Users/Alessandro/Desktop/bachelor-s-thesis/datasets/Student-engagement-dataset/Not engaged/drowsy/0102.jpg
0.38026875260000004,0.4970575571,0.4138996601,0.2895647287,0.13004732130000002,1.0,0.2341858447,0.0591928288,0.46192571520000003,0.1494155973,0.396217078,0.1143391356,0.5750035048000001,0.0,0.5990394950000001,0.5760633945,0.0385092311,0.17673698070000002,0.2414790094,0.2048989236,C:/Users/Alessandro/Desktop/bachelor-s-thesis/datasets/Student-engagement-dataset/Not engaged/drowsy/0103.jpg
0.400246352,0.4777233601,0.2003955245,0.3241306245,0.1636272818,1.0,0.33856850860000004,0.7204688191,0.4711731672,0.1912649572,0.2595353723,0.3431792557,0.6357395649,0.0,0.5238474011,0.5904023647000001,0.0279523004,0.1942173839,0.09581600130000001,0.1760558486,C:/Users/Alessandro/Desktop/bachelor-s-thesis/datasets/Student-engagement-dataset/Not engaged/drowsy/0106.jpg
0.3349417448,0.4261369407,0.263859719,0.27824077010000003,0.1483518183,0.0,0.3466949761,0.0364349112,0.46323224900000004,0.1432023346,0.3671421707,0.5340030789,0.6028026938000001,0.0,0.5544061661,0.5848801732000001,0.0073367055,0.2506703138,0.1423648298,0.0412299335,C:/Users/Alessandro/Desktop/bachelor-s-thesis/datasets/Student-engagement-dataset/Not engaged/drowsy/0107.jpg
0.47050803900000004,0.5314562321,0.4204163551,0.3195644915,0.1550645232,1.0,0.3360234499,0.1893765181,0.4669906795,0.3415364623,0.604364574,0.1381671578,0.49231103060000003,1.0,0.3914676011,0.5669769645,0.5162983537,0.3571068347,0.2081381232,0.25229522590000003,C:/Users/Alessandro/Desktop/bachelor-s-thesis/datasets/Student-engagement-dataset/Not engaged/drowsy/0123.jpg
0.3815080225,0.47962442040000003,0.44905290010000004,0.3570073843,0.1580680162,1.0,0.2550951838,0.1581297368,0.4640278518,0.1340571642,0.4390212893,0.3414584398,0.5699869394,0.0,0.4594912827,0.5712611079000001,0.0766027793,0.2707655728,0.1959061474,0.2926568687,C:/Users/Alessandro/Desktop/bachelor-s-thesis/datasets/Student-engagement-dataset/Not engaged/drowsy/0125.jpg
0.5332334042,0.4029649198,0.4845637083,0.3251137733,0.2686022818,1.0,0.4026358426,0.0811542496,0.4725678265,0.1287430525,0.2386083901,0.30012711880000004,0.6323984861,0.0,0.5091775656,0.5749841928,0.016282683200000002,0.14065928760000002,0.4371946752,0.593942523,C:/Users/Alessandro/Desktop/bachelor-s-thesis/datasets/Student-engagement-dataset/Not engaged/drowsy/0132.jpg
0.44792345170000003,0.4971062243,0.3230696917,0.2625598013,0.2212388664,1.0,0.3622814119,0.40423807500000003,0.47732689980000004,0.1350815445,0.3404294252,0.1883036345,0.5735667944,0.0,0.37853902580000004,0.5507022738,0.1290319562,0.22123734650000002,0.48897951840000003,0.5610194206,C:/Users/Alessandro/Desktop/bachelor-s-thesis/datasets/Student-engagement-dataset/Not engaged/drowsy/0133.jpg
0.4994714558,0.40950474140000004,0.3397511542,0.3117832541,0.3165444136,0.0,0.3342660367,0.21966947620000002,0.4704051018,0.152870059,0.3449957669,0.3476438224,0.659615159,0.0,0.5421331525,0.5886467099,0.0718790814,0.17738631370000002,0.40321627260000004,0.5874454975,C:/Users/Alessandro/Desktop/bachelor-s-thesis/datasets/Student-engagement-dataset/Not engaged/drowsy/0134.jpg
0.4593210518,0.4679662585,0.3134038746,0.3691729903,0.233810395,0.0,0.4227800071,0.0666068867,0.471899122,0.1271730512,0.35516384240000004,0.21474291380000002,0.626057744,0.0,0.6530634761,0.5850698948,0.0128231877,0.16795028750000002,0.6936764717,0.6761268377,C:/Users/Alessandro/Desktop/bachelor-s-thesis/datasets/Student-engagement-dataset/Not engaged/drowsy/0135.jpg
0.5390216112,0.5031161904,0.31961447,0.2700544298,0.21998573840000002,1.0,0.3757796586,0.08398615570000001,0.47419938450000004,0.1110747755,0.4460606575,0.1342124939,0.5655509233,0.0,0.4984230697,0.5858435035,0.040862672,0.23798760770000002,0.3953835368,0.5924694538,C:/Users/Alessandro/Desktop/bachelor-s-thesis/datasets/Student-engagement-dataset/Not engaged/drowsy/0136.jpg
0.4963980019,0.4695371091,0.3331257999,0.2901436687,0.2848635614,1.0,0.4265167117,0.09809740630000001,0.47455978390000003,0.1177452952,0.3603928685,0.39210638400000003,0.6156343818000001,0.0,0.5751466155,0.5771119595,0.0326533951,0.251844734,0.6558428407,0.6974050403000001,C:/Users/Alessandro/Desktop/bachelor-s-thesis/datasets/Student-engagement-dataset/Not engaged/drowsy/0137.jpg
0.44835460190000004,0.4960216582,0.3581120074,0.3189849555,0.2566515207,1.0,0.3766562641,0.0485778004,0.4713574052,0.1577918082,0.4264451563,0.4093274474,0.6398635507,0.0,0.6753934622000001,0.574370265,0.043413061600000004,0.2999438345,0.2423671484,0.5444378257,C:/Users/Alessandro/Desktop/bachelor-s-thesis/datasets/Student-engagement-dataset/Not engaged/drowsy/0138.jpg
0.41160932180000004,0.5215770602,0.1185223237,0.3314017951,0.2430377901,0.0,0.46230319140000004,0.1644970626,0.4733787179,0.158243075,0.4226772487,0.1353766769,0.5959115624,0.0,0.4326792061,0.5858435035,0.1785835922,0.2184117287,0.15580174330000002,0.5985058546,C:/Users/Alessandro/Desktop/bachelor-s-thesis/datasets/Student-engagement-dataset/Not engaged/drowsy/0139.jpg
0.4457070529,0.500833571,0.4634235799,0.3462961614,0.3073404133,0.0,0.44038400050000004,0.0114242183,0.47272327540000003,0.1492480934,0.41733819250000004,0.3636066616,0.5972639322000001,0.0,0.40740114450000003,0.5884581208,0.0015614103000000002,0.1867633462,0.25882840160000004,0.4940188527,C:/Users/Alessandro/Desktop/bachelor-s-thesis/datasets/Student-engagement-dataset/Not engaged/drowsy/0140.jpg
0.6143726110000001,0.5196506381,0.3347259164,0.3998257518,0.2740784287,1.0,0.4001605213,0.11268393700000001,0.4717383981,0.1042270139,0.3257391751,0.6452845931,0.5869716406000001,0.0,0.5539845228,0.6016566753,0.0046139499,0.25209569930000003,0.19902178650000002,0.5257399082,C:/Users/Alessandro/Desktop/bachelor-s-thesis/datasets/Student-engagement-dataset/Not engaged/drowsy/0141.jpg
0.521058321,0.49692648650000004,0.2994647026,0.3335363865,0.24294887480000002,0.0,0.3928943574,0.22080992160000001,0.47291126850000004,0.12276481090000001,0.40014413,0.22082206610000002,0.6332212687000001,0.0,0.6283301115000001,0.5858435035,0.04024994,0.5390450358000001,0.34010097380000004,0.4767682254,C:/Users/Alessandro/Desktop/bachelor-s-thesis/datasets/Student-engagement-dataset/Not engaged/drowsy/0142.jpg
0.5220551491000001,0.4338080883,0.4043901563,0.35245621200000005,0.2477086484,1.0,0.5030184388,0.0647772625,0.46692112090000004,0.117226772,0.3570937216,0.26781961320000003,0.6375881433,0.0,0.4287131429,0.5946846008000001,0.0072742733,0.1684935838,0.1516915113,0.4819151163,C:/Users/Alessandro/Desktop/bachelor-s-thesis/datasets/Student-engagement-dataset/Not engaged/drowsy/0143.jpg
0.4719141424,0.4534404278,0.3193925023,0.2940500379,0.274717778,1.0,0.3637586236,0.3901878595,0.47318860890000003,0.09710484,0.322634697,0.5143108964,0.6451488137,0.0,0.5631603599,0.5937556028000001,0.0004022946,0.1994405091,0.1348264664,0.49096602200000006,C:/Users/Alessandro/Desktop/bachelor-s-thesis/datasets/Student-engagement-dataset/Not engaged/drowsy/0144.jpg
0.4501557946,0.42154854540000003,0.35549372430000004,0.3229732513,0.2316677123,1.0,0.4253017008,0.0393698961,0.4760038257,0.1196660697,0.3701925576,0.40399166940000003,0.6496834159,0.0,0.5494501591000001,0.5916907191,0.0182494074,0.22358787060000002,0.18746383490000001,0.5341447592,C:/Users/Alessandro/Desktop/bachelor-s-thesis/datasets/Student-engagement-dataset/Not engaged/drowsy/0145.jpg
0.457267344,0.5191745162,0.3015448451,0.2476033121,0.23893357810000002,1.0,0.4250500202,0.5732827783000001,0.4665945768,0.1451813728,0.494111836,0.4515402019,0.7166239619,0.0,0.5024005175,0.5870455503,0.011302137700000001,0.2692570686,0.4470595419,0.6641739011000001,C:/Users/Alessandro/Desktop/bachelor-s-thesis/datasets/Student-engagement-dataset/Not engaged/drowsy/0146.jpg
0.5283324718,0.46791970730000004,0.2536874413,0.2759534419,0.15896123650000002,0.0,0.3590111136,0.1030601859,0.47216001150000003,0.1206219047,0.27143704890000003,0.222977221,0.6370668411,0.0,0.49988451600000006,0.5938120484,0.0698771477,0.2293949425,0.31764328480000004,0.5867931247,C:/Users/Alessandro/Desktop/bachelor-s-thesis/datasets/Student-engagement-dataset/Not engaged/drowsy/0147.jpg
0.6130860448000001,0.5863400698,0.28238195180000003,0.2769882381,0.2486964911,0.0,0.3304347992,0.095103398,0.4651115537,0.1356671005,0.4222978055,0.34918344020000003,0.6379031539000001,0.0,0.5275518894,0.5916830301,0.0011047202,0.25106427070000004,0.1177696958,0.6246365905,C:/Users/Alessandro/Desktop/bachelor-s-thesis/datasets/Student-engagement-dataset/Not engaged/drowsy/0148.jpg
0.4626110196,0.3931542933,0.2487852275,0.2858968079,0.24091343580000002,1.0,0.39706403020000003,0.3924977183,0.46844375130000004,0.094702594,0.32772484420000003,0.3923762143,0.6000247598,0.0,0.6837102771,0.5926833749,0.00019143530000000002,0.2400652617,0.3462670147,0.6211878061,C:/Users/Alessandro/Desktop/bachelor-s-thesis/datasets/Student-engagement-dataset/Not engaged/drowsy/0149.jpg
0.47377708550000003,0.5276318789000001,0.3305497169,0.38816437130000003,0.2378935814,1.0,0.41245934370000004,0.007948049300000001,0.47454243900000004,0.1359764487,0.2398285866,0.3366512358,0.6059531569000001,0.0,0.5349853635,0.5788001418000001,0.0042543123,0.24595806,0.3164023757,0.5846952796,C:/Users/Alessandro/Desktop/bachelor-s-thesis/datasets/Student-engagement-dataset/Not engaged/drowsy/0150.jpg
0.5164341331,0.4470335543,0.18640953300000002,0.3120767474,0.2309445739,1.0,0.4372133017,0.0045106467,0.4686243236,0.14107199010000002,0.3200210631,0.6653972268,0.6598524451000001,0.0,0.5594158769,0.5784389377,0.006842812100000001,0.1006663591,0.2893369496,0.6405823827,C:/Users/Alessandro/Desktop/bachelor-s-thesis/datasets/Student-engagement-dataset/Not engaged/drowsy/0151.jpg
0.4390150309,0.49791735410000004,0.1168040261,0.3423249722,0.2410700768,1.0,0.4220029414,0.1609454602,0.4706809819,0.150715664,0.2567685843,0.2654090524,0.6119020581,0.0,0.4246363938,0.6008601189,0.010629890500000001,0.3237186074,0.2774145603,0.6522635818,C:/Users/Alessandro/Desktop/bachelor-s-thesis/datasets/Student-engagement-dataset/Not engaged/drowsy/0152.jpg
0.4961158037,0.5444688797,0.5173354745000001,0.3622081876,0.1884741336,1.0,0.4170060158,0.1347372681,0.4694359303,0.0754542723,0.26761204,0.5620756149,0.6691780686000001,0.0,0.4904862642,0.5888929367,0.0167706627,0.3588766158,0.3643429577,0.5592344999000001,C:/Users/Alessandro/Desktop/bachelor-s-thesis/datasets/Student-engagement-dataset/Not engaged/drowsy/0153.jpg
0.3957523704,0.47714641690000004,0.3430709541,0.3423389792,0.2028395534,0.0,0.363656491,0.00033196880000000003,0.46670436860000003,0.0925908014,0.2305788994,0.6157210469000001,0.6538491845000001,0.0,0.5512180328,0.6028640866,0.0028214359,0.0917477235,0.4853082299,0.6088497639,C:/Users/Alessandro/Desktop/bachelor-s-thesis/datasets/Student-engagement-dataset/Not engaged/drowsy/0154.jpg
0.46658626200000003,0.41740319130000003,0.3356722593,0.3255711496,0.1941042691,0.0,0.4010899961,0.27462807300000003,0.46507284050000003,0.1419120878,0.2717992663,0.1347603947,0.6229087710000001,0.0,0.5514516234,0.6026337147,0.0148786269,0.3142210245,0.5427707434,0.5283819437,C:/Users/Alessandro/Desktop/bachelor-s-thesis/datasets/Student-engagement-dataset/Not engaged/drowsy/0155.jpg
0.5344686508000001,0.5007117987,0.5161139965,0.2910719216,0.2488598675,1.0,0.4273550212,0.0435072705,0.46708163620000004,0.1312836409,0.27047464250000003,0.2230507284,0.6222071052,0.0,0.47042539720000004,0.5885033607,0.010396582100000001,0.1527594328,0.32661268120000003,0.6403812766,C:/Users/Alessandro/Desktop/bachelor-s-thesis/datasets/Student-engagement-dataset/Not engaged/drowsy/0156.jpg
0.34892719980000003,0.4358037114,0.3293652534,0.3116280735,0.2051805109,1.0,0.33631330730000003,0.0619115494,0.4686546922,0.1405152231,0.258217901,0.3492459059,0.6523600817,0.0,0.6954702735,0.5996237397,0.039765305800000005,0.1970666349,0.3610082269,0.6055509448,C:/Users/Alessandro/Desktop/bachelor-s-thesis/datasets/Student-engagement-dataset/Not engaged/drowsy/0157.jpg
0.41365349290000003,0.490767926,0.4024770856,0.3009011149,0.1656111479,1.0,0.41786944870000003,0.21642261740000002,0.4669532478,0.1359587461,0.2274739295,0.5326582789000001,0.6219058633,0.0,0.6367713213,0.6013303995,0.028260288800000002,0.1701167822,0.3164033592,0.5732635260000001,C:/Users/Alessandro/Desktop/bachelor-s-thesis/datasets/Student-engagement-dataset/Not engaged/drowsy/0158.jpg
0.4271689355,0.5010445714,0.3643008173,0.3346489966,0.2446074188,1.0,0.4247412682,0.0203558449,0.47137668730000004,0.1589110196,0.2892039716,0.1877833456,0.6721057296,0.0,0.6010018587,0.6026414037,0.015769545,0.13790282610000001,0.4209218025,0.5744702220000001,C:/Users/Alessandro/Desktop/bachelor-s-thesis/datasets/Student-engagement-dataset/Not engaged/drowsy/0159.jpg
0.3551037908,0.4355381727,0.31283771990000003,0.3251866698,0.2061894089,1.0,0.4751177132,0.0074826879,0.46242716910000004,0.0788963437,0.3048477471,0.4657966793,0.6369534135,0.0,0.606022656,0.6047078371,0.0025576281,0.1783770919,0.3170310259,0.6204571724,C:/Users/Alessandro/Desktop/bachelor-s-thesis/datasets/Student-engagement-dataset/Not engaged/drowsy/0160.jpg
0.41937324400000003,0.42497217660000003,0.2322282344,0.3264799118,0.1586184353,1.0,0.36641326550000003,0.2156298906,0.46711859110000004,0.11672692,0.30767217280000003,0.5888801217,0.6984409094,0.0,0.666790247,0.5900924802,0.0045644538,0.198727861,0.46495440600000004,0.5828373432,C:/Users/Alessandro/Desktop/bachelor-s-thesis/datasets/Student-engagement-dataset/Not engaged/drowsy/0161.jpg
0.4179528952,0.4535069168,0.2560384572,0.2860527039,0.1625003368,1.0,0.4059967101,0.0244431216,0.4729922414,0.12047620860000001,0.2801876366,0.5466346741,0.6463155150000001,0.0,0.6327773333000001,0.5986365676000001,0.0173527766,0.20017473400000002,0.4424799681,0.6668426394,C:/Users/Alessandro/Desktop/bachelor-s-thesis/datasets/Student-engagement-dataset/Not engaged/drowsy/0162.jpg
0.5065851212,0.4252414107,0.3523117006,0.2742460966,0.1663582623,1.0,0.4171533287,0.022757135300000002,0.46938696500000004,0.153111726,0.4632229805,0.6133319736,0.7052273154,0.0,0.6004287004000001,0.5986365676000001,0.0138605321,0.2334121317,0.3508316875,0.6239621043,C:/Users/Alessandro/Desktop/bachelor-s-thesis/datasets/Student-engagement-dataset/Not engaged/drowsy/0163.jpg
0.49657031890000003,0.4517483413,0.104962416,0.36482054,0.1592057794,0.0,0.34550434350000003,0.2767139077,0.4701400995,0.1179251447,0.28470525150000003,0.4087464511,0.6130597591,0.0,0.6204361916000001,0.5732467771,0.0040894598,0.1958139241,0.11679276820000001,0.6860521436,C:/Users/Alessandro/Desktop/bachelor-s-thesis/datasets/Student-engagement-dataset/Not engaged/drowsy/0164.jpg
0.4577688575,0.5231916308,0.3067934513,0.32921716570000004,0.1532716155,0.0,0.32315441970000003,0.013938633700000001,0.46575537320000004,0.082745865,0.2443190366,0.4720818698,0.6560065746,0.0,0.5835122466,0.6016566753,0.0114277462,0.23914097250000002,0.17624211310000001,0.5671967864,C:/Users/Alessandro/Desktop/bachelor-s-thesis/datasets/Student-engagement-dataset/Not engaged/drowsy/0165.jpg
0.562523365,0.494138509,0.2868508399,0.3260000348,0.1578888297,1.0,0.30186980960000004,0.41805475950000004,0.4676727057,0.11286122350000001,0.3235200942,0.286577791,0.5687941909,0.0,0.66151613,0.5984939933,0.0048286561,0.2155099362,0.5229988694000001,0.5865272880000001,C:/Users/Alessandro/Desktop/bachelor-s-thesis/datasets/Student-engagement-dataset/Not engaged/drowsy/0166.jpg
0.5437240005,0.533460319,0.1290811896,0.383005023,0.153165102,1.0,0.3632448614,0.4140310287,0.4627872705,0.0782569051,0.24282637240000002,0.38373118640000003,0.6106753349,0.0,0.6453031301000001,0.6013380289,0.0289854277,0.25409024950000003,0.49679782990000004,0.5652217865,C:/Users/Alessandro/Desktop/bachelor-s-thesis/datasets/Student-engagement-dataset/Not engaged/drowsy/0167.jpg
0.36819279190000004,0.42142322660000003,0.4551380873,0.3465765417,0.1574757695,1.0,0.29588219520000003,0.0559290275,0.46927663680000004,0.0561629198,0.1857910305,0.2984988987,0.5951845050000001,0.0,0.5880259871,0.5878177881000001,0.0085609732,0.1851798147,0.3776147962,0.5446506143000001,C:/Users/Alessandro/Desktop/bachelor-s-thesis/datasets/Student-engagement-dataset/Not engaged/drowsy/0168.jpg
0.35035663840000003,0.5512697697,0.1786868423,0.37601584200000004,0.1885860264,1.0,0.3064726889,0.24195425210000002,0.4720513821,0.11254910380000001,0.26037290690000003,0.0937233195,0.5610232353,0.0,0.6922773123,0.5945726633,0.008998486200000001,0.2700789273,0.49716869,0.5340722799000001,C:/Users/Alessandro/Desktop/bachelor-s-thesis/datasets/Student-engagement-dataset/Not engaged/drowsy/0169.jpg
0.30866602060000004,0.4735285342,0.2717282176,0.32212936880000004,0.1733068973,0.0,0.3255146444,0.412576586,0.4679252803,0.16016341750000002,0.2558365762,0.3859019279,0.6151319742,0.0,0.5514714122000001,0.5954737663,0.0072320001,0.1685642004,0.11011423170000001,0.5841907859000001,C:/Users/Alessandro/Desktop/bachelor-s-thesis/datasets/Student-engagement-dataset/Not engaged/drowsy/0170.jpg
0.3802048266,0.45680856700000005,0.206652835,0.28632617,0.1781623513,1.0,0.3572027981,0.2766466141,0.4645270705,0.1563322693,0.2533560693,0.6614378691,0.6413767338,0.0,0.6578144431,0.5986365676000001,0.0075855143,0.1814131737,0.29282534120000003,0.5704002380000001,C:/Users/Alessandro/Desktop/bachelor-s-thesis/datasets/Student-engagement-dataset/Not engaged/drowsy/0171.jpg
0.3838574886,0.4336188436,0.2973280549,0.256462276,0.1658205539,0.0,0.31435942650000004,0.051153313400000004,0.4677743018,0.0875089392,0.2460685223,0.2447393537,0.6303363442000001,0.0,0.6101151109,0.5986442566,0.0100037623,0.1682854444,0.33547228570000004,0.6799539924,C:/Users/Alessandro/Desktop/bachelor-s-thesis/datasets/Student-engagement-dataset/Not engaged/drowsy/0172.jpg
0.3709860742,0.4693775177,0.188979581,0.2909454107,0.19035865370000002,1.0,0.3350155354,0.13994948570000001,0.4643032253,0.1391039938,0.3925214708,0.4467406869,0.5796764493000001,0.0,0.5971488357,0.5907315612,0.011687753700000001,0.24778972570000002,0.6559088230000001,0.5242409706,C:/Users/Alessandro/Desktop/bachelor-s-thesis/datasets/Student-engagement-dataset/Not engaged/drowsy/0173.jpg
0.3856013119,0.43102699520000004,0.25056096910000003,0.3559610844,0.19919678570000002,1.0,0.3528922796,0.69405967,0.4662748873,0.1406307966,0.2477504462,0.632666111,0.6121216416,0.0,0.7185947895,0.5954737663,0.0012680817000000001,0.1931328326,0.6501127481,0.5832164288,C:/Users/Alessandro/Desktop/bachelor-s-thesis/datasets/Student-engagement-dataset/Not engaged/drowsy/0174.jpg
0.4597183764,0.41714063290000003,0.44662579890000004,0.334500134,0.1599567831,0.0,0.37248393890000003,0.015056666000000002,0.4698908627,0.0871262699,0.1676647961,0.4013639987,0.6669873595,0.0,0.6714755297,0.6016566753,0.0078666629,0.1735267788,0.283131063,0.6715675592,C:/Users/Alessandro/Desktop/bachelor-s-thesis/datasets/Student-engagement-dataset/Not engaged/drowsy/0175.jpg
0.3496927321,0.4357606471,0.44730851050000003,0.3471474349,0.1333654225,0.0,0.2552624345,0.0561241955,0.4645432532,0.0411078297,0.2329594046,0.5232548118,0.6179152727,0.0,0.6356860399,0.6016566753,0.0065784906,0.16741687060000002,0.1940419078,0.5987144709000001,C:/Users/Alessandro/Desktop/bachelor-s-thesis/datasets/Student-engagement-dataset/Not engaged/drowsy/0176.jpg
0.33215060830000004,0.43557050820000004,0.4440864325,0.3156830668,0.14728787540000002,0.0,0.3686992228,0.6445731521,0.46966868640000003,0.0685362741,0.3138279617,0.6500715613,0.6585733891000001,0.0,0.6796227694,0.6016489863000001,0.0022647982000000002,0.26393142340000003,0.14133697750000002,0.6016173363,C:/Users/Alessandro/Desktop/bachelor-s-thesis/datasets/Student-engagement-dataset/Not engaged/drowsy/0177.jpg
0.3325597346,0.4231315255,0.21384663880000002,0.3209740222,0.2098279595,0.0,0.3594633639,0.0799856484,0.4647488892,0.1260793209,0.3645527959,0.42074915770000004,0.6177319288,0.0,0.6085970998,0.5996237397,0.0220210012,0.1287151426,0.4894795716,0.605913043,C:/Users/Alessandro/Desktop/bachelor-s-thesis/datasets/Student-engagement-dataset/Not engaged/drowsy/0178.jpg
0.41058990360000003,0.4264792502,0.2438329458,0.2843685448,0.2088541538,0.0,0.3706806302,0.12408322840000001,0.4740199745,0.1989855915,0.4791559875,0.43912521,0.6300891042,0.0,0.6377342939,0.5907315612,0.0042836149000000006,0.22150400280000002,0.3186634779,0.5485551357,C:/Users/Alessandro/Desktop/bachelor-s-thesis/datasets/Student-engagement-dataset/Not engaged/drowsy/0179.jpg
0.3280282617,0.44360008840000004,0.2259701341,0.3043017685,0.1993674338,0.0,0.3895751536,0.9289884567000001,0.4684255719,0.2888199985,0.4801914096,0.2363875657,0.5869814157000001,1.0,0.5758118033,0.5917248726000001,0.0182500575,0.2190376669,0.4442941248,0.6273129582,C:/Users/Alessandro/Desktop/bachelor-s-thesis/datasets/Student-engagement-dataset/Not engaged/drowsy/0180.jpg
0.40921875830000004,0.43614721300000003,0.1979035288,0.322276175,0.1716012657,1.0,0.3438719213,0.1003135815,0.4662647843,0.17957447470000001,0.2630515695,0.28052619100000004,0.5792938471,0.0,0.4772795439,0.5907315612,0.0050786175,0.1975856721,0.0770420879,0.682461977,C:/Users/Alessandro/Desktop/bachelor-s-thesis/datasets/Student-engagement-dataset/Not engaged/drowsy/0181.jpg
0.4193731844,0.43721973900000005,0.46642121670000003,0.3272835016,0.2178586274,0.0,0.2836568058,0.5633124709,0.46235620980000003,0.1881427616,0.4266369045,0.13452638690000002,0.6399418116000001,0.0,0.6021723151,0.5996313691,0.0042298115,0.122584179,0.2580697238,0.6040312648,C:/Users/Alessandro/Desktop/bachelor-s-thesis/datasets/Student-engagement-dataset/Not engaged/drowsy/0182.jpg
0.3322465718,0.4701478779,0.3885091245,0.3286482394,0.21674086150000002,0.0,0.46019068360000004,0.1667194813,0.4756850004,0.15099802610000002,0.4556654692,0.1368324906,0.612187326,0.0,0.5970916152,0.5907315612,0.004963215,0.1070721224,0.403611213,0.6388833523,C:/Users/Alessandro/Desktop/bachelor-s-thesis/datasets/Student-engagement-dataset/Not engaged/drowsy/0183.jpg
0.2537679076,0.4543625116,0.28336191180000003,0.33273553850000004,0.2100233436,0.0,0.2869839072,0.3191531301,0.4645771682,0.12018889190000001,0.42793890830000003,0.4223894179,0.5714143515,0.0,0.5181203485,0.5860869288,0.005884693900000001,0.14858649670000001,0.5467890501,0.5547668934000001,C:/Users/Alessandro/Desktop/bachelor-s-thesis/datasets/Student-engagement-dataset/Not engaged/drowsy/0184.jpg
0.2588097453,0.40590068700000004,0.4910617769,0.34112977980000003,0.1837668121,0.0,0.31901112200000004,0.6861867309,0.4669832587,0.11886153370000001,0.4106430411,0.17069318890000001,0.6175612211,0.0,0.5356439352,0.5996237397,0.0006501730000000001,0.0919416323,0.49130105970000004,0.6109361649,C:/Users/Alessandro/Desktop/bachelor-s-thesis/datasets/Student-engagement-dataset/Not engaged/drowsy/0185.jpg
0.2935955524,0.372679472,0.24793708320000002,0.3225243688,0.2058816403,0.0,0.3139432073,0.3284333944,0.4729940295,0.09279891850000001,0.5227912664000001,0.43504667280000003,0.5635806918,0.0,0.4760986567,0.5996237397,0.0112188989,0.2095050216,0.1724671721,0.646505177,C:/Users/Alessandro/Desktop/bachelor-s-thesis/datasets/Student-engagement-dataset/Not engaged/drowsy/0186.jpg
0.2554272711,0.3684265912,0.36249002810000003,0.2448771298,0.20322754980000002,1.0,0.2855319381,0.8306405544000001,0.46926063300000004,0.18221588430000002,0.44805324080000003,0.5298560858,0.6321210861000001,1.0,0.5288632512,0.5907315612,0.00662803,0.1452447027,0.3050363958,0.42734038830000004,C:/Users/Alessandro/Desktop/bachelor-s-thesis/datasets/Student-engagement-dataset/Not engaged/drowsy/0187.jpg
0.2666423321,0.39675894380000004,0.43032103780000003,0.2669048607,0.2165143192,0.0,0.40404173730000004,0.2534773946,0.46992918850000004,0.1855664849,0.6280604005,0.3071500361,0.5828410387,1.0,0.7096980810000001,0.5875416398000001,0.0808956623,0.2023501843,0.6147079468000001,0.7271171212,C:/Users/Alessandro/Desktop/bachelor-s-thesis/datasets/Student-engagement-dataset/Not engaged/drowsy/0188.jpg
0.3066317141,0.4342523515,0.4374616146,0.3549866378,0.17190469800000002,0.0,0.3773568571,0.5048053861,0.4775215089,0.12133437400000001,0.5977381468,0.1592389494,0.5767106414000001,1.0,0.5671209097000001,0.5875416398000001,0.0005933379,0.16971124710000002,0.45469829440000004,0.3704374731,C:/Users/Alessandro/Desktop/bachelor-s-thesis/datasets/Student-engagement-dataset/Not engaged/drowsy/0189.jpg
0.2503323853,0.44603618980000004,0.2887239158,0.3304288387,0.1676237732,0.0,0.4348255694,0.1250445396,0.47525930400000005,0.1354731619,0.6122594476000001,0.1088010073,0.5504209399000001,1.0,0.49005097150000004,0.5907315612,0.0134728383,0.1069468409,0.4259046316,0.4343093038,C:/Users/Alessandro/Desktop/bachelor-s-thesis/datasets/Student-engagement-dataset/Not engaged/drowsy/0190.jpg
0.2262559831,0.3995607197,0.3992504478,0.28912577030000003,0.18497765060000002,0.0,0.291061312,0.5001604557,0.46234425900000004,0.1632786393,0.5028145313,0.1963709295,0.5670654178,1.0,0.6571801901000001,0.5986442566,0.0099438326,0.15823653340000002,0.2930225432,0.43254897000000003,C:/Users/Alessandro/Desktop/bachelor-s-thesis/datasets/Student-engagement-dataset/Not engaged/drowsy/0191.jpg
0.2318576723,0.39008167390000004,0.26501256230000003,0.2657594383,0.16787597540000002,0.0,0.2597476542,0.8647244573,0.464587301,0.1323002875,0.47659426930000004,0.34533873200000004,0.566131115,1.0,0.6867322326,0.6035971045,0.0055651967,0.1490306109,0.40709936620000003,0.5776720643000001,C:/Users/Alessandro/Desktop/bachelor-s-thesis/datasets/Student-engagement-dataset/Not engaged/drowsy/0192.jpg
0.3371845484,0.42893245820000003,0.55880481,0.3043496609,0.15330292280000002,1.0,0.3545768559,0.2778348625,0.4714382291,0.2213958651,0.62361449,0.2111704797,0.531917572,1.0,0.6913468838,0.5960107446,0.0104022892,0.0963178799,0.3634876311,0.6673688889,C:/Users/Alessandro/Desktop/bachelor-s-thesis/datasets/Student-engagement-dataset/Not engaged/drowsy/0193.jpg
0.2919509411,0.4456951618,0.28919601440000003,0.3000329137,0.1736284196,0.0,0.41711351280000003,0.4445671141,0.5093135834,0.1088226736,0.44853389260000004,0.17532913390000002,0.5435481071,1.0,0.4554330111,0.5994813442,0.0039852387,0.1061118618,0.08699369430000001,0.6379029155,C:/Users/Alessandro/Desktop/bachelor-s-thesis/datasets/Student-engagement-dataset/Not engaged/drowsy/0194.jpg
0.35220837590000004,0.4736736715,0.4135197103,0.2971284688,0.1651129723,0.0,0.3966301084,0.3451220393,0.4699450731,0.1802285016,0.5098052621,0.22996580600000002,0.5066744089,1.0,0.4733808041,0.5951616764000001,0.0058826576000000005,0.0691483542,0.28913986680000003,0.5005312562,C:/Users/Alessandro/Desktop/bachelor-s-thesis/datasets/Student-engagement-dataset/Not engaged/drowsy/0195.jpg
0.2621933818,0.3775523603,0.4613088071,0.3021340668,0.1757645756,0.0,0.376280129,0.3850674927,0.47376894950000004,0.07889687270000001,0.43041431900000005,0.09038018440000001,0.5793181658000001,1.0,0.4718792737,0.5875624418000001,0.0008707307,0.1166803688,0.030918158600000002,0.5255894661,C:/Users/Alessandro/Desktop/bachelor-s-thesis/datasets/Student-engagement-dataset/Not engaged/drowsy/0196.jpg
0.2624530792,0.44363725190000003,0.3572258353,0.3435143828,0.1764102876,0.0,0.42081174250000003,0.5375609994,0.4695386291,0.12866878510000002,0.45380720500000005,0.0987236351,0.5438919663,1.0,0.43840679530000004,0.6018785238000001,0.0261060316,0.09228224310000001,0.20951133970000002,0.4994185269,C:/Users/Alessandro/Desktop/bachelor-s-thesis/datasets/Student-engagement-dataset/Not engaged/drowsy/0197.jpg
0.299944669,0.408847779,0.4174473882,0.273709029,0.18298994000000002,0.0,0.4032862782,0.34763470290000004,0.4632730782,0.1996244788,0.4062024057,0.0870742872,0.4477763474,1.0,0.5272580981,0.5872194171,0.008754544900000001,0.06667268280000001,0.2723216116,0.5767440796000001,C:/Users/Alessandro/Desktop/bachelor-s-thesis/datasets/Student-engagement-dataset/Not engaged/drowsy/0198.jpg
0.2928076684,0.4706617296,0.553360939,0.297167778,0.13197456300000002,0.0,0.4117221236,0.0415893272,0.4597058892,0.1637425125,0.38795068860000004,0.0793553367,0.4294366241,1.0,0.5549260378,0.5999146104,0.000636328,0.062910229,0.4181340039,0.6633706093,C:/Users/Alessandro/Desktop/bachelor-s-thesis/datasets/Student-engagement-dataset/Not engaged/drowsy/0199.jpg
0.2857354283,0.5226106048,0.3340489566,0.3051767349,0.132522434,0.0,0.4388330579,0.22689874470000002,0.4999171495,0.1713631153,0.4419496357,0.059700671600000005,0.3164048493,1.0,0.39851528410000003,0.5989406109000001,0.0150676249,0.1725317985,0.2612719536,0.6954200864,C:/Users/Alessandro/Desktop/bachelor-s-thesis/datasets/Student-engagement-dataset/Not engaged/drowsy/0200.jpg
0.2644750476,0.4380267262,0.5100115538000001,0.2937479913,0.1444899589,0.0,0.4637812972,0.0332983695,0.49313309790000004,0.1993776113,0.4222657382,0.08180067690000001,0.329646349,1.0,0.565251112,0.5991836190000001,0.0111582,0.1307284832,0.2460470498,0.6285929680000001,C:/Users/Alessandro/Desktop/bachelor-s-thesis/datasets/Student-engagement-dataset/Not engaged/drowsy/0201.jpg
0.2618872523,0.4574065208,0.5979921222,0.3170081675,0.1327004731,1.0,0.4530537724,0.2687500715,0.5039255023,0.2214793861,0.5190095305,0.287832886,0.3161720335,1.0,0.6698248386,0.5967153907,0.0220871661,0.1084542945,0.079941757,0.5829243660000001,C:/Users/Alessandro/Desktop/bachelor-s-thesis/datasets/Student-engagement-dataset/Not engaged/drowsy/0202.jpg
0.2765559554,0.43553212290000004,0.7765725255,0.259103179,0.16718742250000002,0.0,0.4470640421,0.0182621889,0.4720847011,0.1013393253,0.545663476,0.0948506892,0.3136808276,1.0,0.5855162144,0.6193868518,0.055315461,0.0920906886,0.0186423082,0.4951129258,C:/Users/Alessandro/Desktop/bachelor-s-thesis/datasets/Student-engagement-dataset/Not engaged/drowsy/0203.jpg
0.318865031,0.4591839314,0.6036838293,0.3220496774,0.1371143162,1.0,0.4318936467,0.1953509152,0.5058976412,0.0714501664,0.4430980384,0.042233631,0.2680307031,1.0,0.6403879523,0.5444266796,0.09241123500000001,0.143945232,0.06473053990000001,0.48761826750000004,C:/Users/Alessandro/Desktop/bachelor-s-thesis/datasets/Student-engagement-dataset/Not engaged/drowsy/0204.jpg
0.2401772738,0.4471362531,0.44681668280000003,0.37832051520000004,0.142817989,0.0,0.5283406973,0.26880368590000003,0.49577134850000004,0.11869323250000001,0.4991489351,0.08030367640000001,0.2495216727,1.0,0.48444640640000003,0.6014863849000001,0.017224872500000002,0.0836090595,0.0253003556,0.5162763,C:/Users/Alessandro/Desktop/bachelor-s-thesis/datasets/Student-engagement-dataset/Not engaged/drowsy/0205.jpg
0.2579540014,0.43604490160000003,0.7537633777,0.356941551,0.16360037030000002,1.0,0.4795127809,0.68421489,0.5023771524,0.15931725500000002,0.7276036739,0.0866855681,0.2265434861,1.0,0.5275130272,0.5444266796,0.051384624100000005,0.0659931898,0.163695097,0.3859493732,C:/Users/Alessandro/Desktop/bachelor-s-thesis/datasets/Student-engagement-dataset/Not engaged/drowsy/0206.jpg
0.2530296147,0.4355118573,0.5310242772,0.3864893317,0.15785788,1.0,0.4639917612,0.0161701217,0.5001380444,0.1292711198,0.5794488192,0.043193284400000004,0.234756276,1.0,0.36893340950000003,0.5486366749,0.014934852700000001,0.062202446200000004,0.037213921500000004,0.5259218216,C:/Users/Alessandro/Desktop/bachelor-s-thesis/datasets/Student-engagement-dataset/Not engaged/drowsy/0207.jpg
0.24229349200000003,0.4434515536,0.7328986526,0.33428755400000004,0.17728640140000002,1.0,0.5022161603,0.1374366432,0.4945334196,0.1564825922,0.5675963759,0.0708239824,0.3369471431,1.0,0.48885071280000003,0.5916985273,0.0021844339000000003,0.1186140925,0.1599851549,0.6665255427,C:/Users/Alessandro/Desktop/bachelor-s-thesis/datasets/Student-engagement-dataset/Not engaged/drowsy/0208.jpg
0.2764529288,0.4365400672,0.3371425569,0.31430786850000003,0.1265919656,1.0,0.45633405450000003,0.9274955988,0.5102021694000001,0.10559029880000001,0.5624940991,0.061071462900000005,0.2135364115,1.0,0.428434819,0.561406374,0.0125159863,0.06971617790000001,0.0534130186,0.5160360932,C:/Users/Alessandro/Desktop/bachelor-s-thesis/datasets/Student-engagement-dataset/Not engaged/drowsy/0209.jpg
0.1951440424,0.4583338797,0.4833348691,0.2716624141,0.21311210100000003,0.0,0.5091817379,0.5925129652000001,0.5008779168,0.1314956844,0.6398074031000001,0.11530390380000001,0.28485429290000003,1.0,0.295284003,0.5255230665,0.0448073559,0.1240088865,0.031133566100000003,0.5306111574,C:/Users/Alessandro/Desktop/bachelor-s-thesis/datasets/Student-engagement-dataset/Not engaged/drowsy/0210.jpg
0.2750514448,0.4627195597,0.7008632421000001,0.2986530364,0.2045024782,1.0,0.5013031363,0.0918436646,0.5004906654,0.113316603,0.5963874459,0.0676648766,0.30619975920000003,1.0,0.3890145123,0.5839825273,0.0348820277,0.0982616469,0.1215004399,0.27580600980000003,C:/Users/Alessandro/Desktop/bachelor-s-thesis/datasets/Student-engagement-dataset/Not engaged/drowsy/0211.jpg
0.2615357339,0.5485526323000001,0.5217345953,0.23324951530000002,0.2227979898,0.0,0.49716126920000003,0.08225923780000001,0.49832206960000003,0.3339437544,0.7700638175000001,0.45138123630000004,0.3062649965,1.0,0.4961026609,0.5593037009,0.0295062624,0.0768860728,0.06307540090000001,0.2915891111,C:/Users/Alessandro/Desktop/bachelor-s-thesis/datasets/Student-engagement-dataset/Not engaged/drowsy/0212.jpg
0.3930588961,0.4394026697,0.5113600492,0.2938480079,0.20456363260000002,0.0,0.5351414084,0.4205177724,0.46305552120000004,0.1539016366,0.6412290335,0.0459875092,0.5005122423,0.0,0.2842015028,0.5760241151000001,0.0010582403,0.0333227292,0.058564096700000005,0.6029850245,C:/Users/Alessandro/Desktop/bachelor-s-thesis/datasets/Student-engagement-dataset/Not engaged/drowsy/0213.jpg
0.28358644250000004,0.502658844,0.5121052265,0.3257774413,0.2592968047,1.0,0.5947058201000001,0.9695809484000001,0.49108827110000003,0.2399657667,0.8236231208,0.0260153804,0.5647215843,0.0,0.18191711600000002,0.5814126134000001,0.0015153086000000001,0.0118592717,0.0479635485,0.7732227445000001,C:/Users/Alessandro/Desktop/bachelor-s-thesis/datasets/Student-engagement-dataset/Not engaged/drowsy/0214.jpg
0.2918146253,0.4688721597,0.7089796662000001,0.3370525837,0.1973641664,0.0,0.5387178659,0.4488656521,0.4639419615,0.10818771270000001,0.622127533,0.08939826490000001,0.41043591500000004,0.0,0.18129740660000002,0.4587515593,0.0014548170000000002,0.0306394044,0.0494322851,0.7430950403000001,C:/Users/Alessandro/Desktop/bachelor-s-thesis/datasets/Student-engagement-dataset/Not engaged/drowsy/0215.jpg
0.2630290091,0.49585023520000004,0.7615351081,0.3305455446,0.28682789210000004,0.0,0.6371929049,0.1715271771,0.4981497824,0.2163467258,0.6424692273,0.0339855962,0.5611732006,0.0,0.2740046382,0.4661299586,0.017033089,0.0205528121,0.0528455488,0.8429639339,C:/Users/Alessandro/Desktop/bachelor-s-thesis/datasets/Student-engagement-dataset/Not engaged/drowsy/0216.jpg
,,,,,,,,,,,,,,,,,,,,C:/Users/Alessandro/Desktop/bachelor-s-thesis/datasets/Student-engagement-dataset/Not engaged/drowsy/0217.jpg
,,,,,,,,,,,,,,,,,,,,C:/Users/Alessandro/Desktop/bachelor-s-thesis/datasets/Student-engagement-dataset/Not engaged/drowsy/0218.jpg
,,,,,,,,,,,,,,,,,,,,C:/Users/Alessandro/Desktop/bachelor-s-thesis/datasets/Student-engagement-dataset/Not engaged/drowsy/0219.jpg
,,,,,,,,,,,,,,,,,,,,C:/Users/Alessandro/Desktop/bachelor-s-thesis/datasets/Student-engagement-dataset/Not engaged/drowsy/0220.jpg
,,,,,,,,,,,,,,,,,,,,C:/Users/Alessandro/Desktop/bachelor-s-thesis/datasets/Student-engagement-dataset/Not engaged/drowsy/0221.jpg
,,,,,,,,,,,,,,,,,,,,C:/Users/Alessandro/Desktop/bachelor-s-thesis/datasets/Student-engagement-dataset/Not engaged/drowsy/0222.jpg
,,,,,,,,,,,,,,,,,,,,C:/Users/Alessandro/Desktop/bachelor-s-thesis/datasets/Student-engagement-dataset/Not engaged/drowsy/0223.jpg
,,,,,,,,,,,,,,,,,,,,C:/Users/Alessandro/Desktop/bachelor-s-thesis/datasets/Student-engagement-dataset/Not engaged/drowsy/0224.jpg
,,,,,,,,,,,,,,,,,,,,C:/Users/Alessandro/Desktop/bachelor-s-thesis/datasets/Student-engagement-dataset/Not engaged/drowsy/0225.jpg
,,,,,,,,,,,,,,,,,,,,C:/Users/Alessandro/Desktop/bachelor-s-thesis/datasets/Student-engagement-dataset/Not engaged/drowsy/0226.jpg
,,,,,,,,,,,,,,,,,,,,C:/Users/Alessandro/Desktop/bachelor-s-thesis/datasets/Student-engagement-dataset/Not engaged/drowsy/0227.jpg
,,,,,,,,,,,,,,,,,,,,C:/Users/Alessandro/Desktop/bachelor-s-thesis/datasets/Student-engagement-dataset/Not engaged/drowsy/0228.jpg
,,,,,,,,,,,,,,,,,,,,C:/Users/Alessandro/Desktop/bachelor-s-thesis/datasets/Student-engagement-dataset/Not engaged/drowsy/0229.jpg
,,,,,,,,,,,,,,,,,,,,C:/Users/Alessandro/Desktop/bachelor-s-thesis/datasets/Student-engagement-dataset/Not engaged/drowsy/0230.jpg
,,,,,,,,,,,,,,,,,,,,C:/Users/Alessandro/Desktop/bachelor-s-thesis/datasets/Student-engagement-dataset/Not engaged/drowsy/0231.jpg
,,,,,,,,,,,,,,,,,,,,C:/Users/Alessandro/Desktop/bachelor-s-thesis/datasets/Student-engagement-dataset/Not engaged/drowsy/0232.jpg
,,,,,,,,,,,,,,,,,,,,C:/Users/Alessandro/Desktop/bachelor-s-thesis/datasets/Student-engagement-dataset/Not engaged/drowsy/0233.jpg
,,,,,,,,,,,,,,,,,,,,C:/Users/Alessandro/Desktop/bachelor-s-thesis/datasets/Student-engagement-dataset/Not engaged/drowsy/0234.jpg
,,,,,,,,,,,,,,,,,,,,C:/Users/Alessandro/Desktop/bachelor-s-thesis/datasets/Student-engagement-dataset/Not engaged/drowsy/0235.jpg
,,,,,,,,,,,,,,,,,,,,C:/Users/Alessandro/Desktop/bachelor-s-thesis/datasets/Student-engagement-dataset/Not engaged/drowsy/0236.jpg
,,,,,,,,,,,,,,,,,,,,C:/Users/Alessandro/Desktop/bachelor-s-thesis/datasets/Student-engagement-dataset/Not engaged/drowsy/0237.jpg
,,,,,,,,,,,,,,,,,,,,C:/Users/Alessandro/Desktop/bachelor-s-thesis/datasets/Student-engagement-dataset/Not engaged/drowsy/0238.jpg
,,,,,,,,,,,,,,,,,,,,C:/Users/Alessandro/Desktop/bachelor-s-thesis/datasets/Student-engagement-dataset/Not engaged/drowsy/0239.jpg
0.2403993458,0.48819676040000004,0.399571389,0.2875228822,0.1955609471,0.0,0.5221247673,0.49971193080000004,0.4631912708,0.081196554,0.4736172259,0.0403812341,0.5648385286000001,0.0,0.2949035466,0.4603897035,0.0021836513,0.036648433700000003,0.07145994160000001,0.8832591176000001,C:/Users/Alessandro/Desktop/bachelor-s-thesis/datasets/Student-engagement-dataset/Not engaged/drowsy/0240.jpg
0.2561296523,0.49705910680000004,0.6381590962,0.2654081285,0.2884429097,0.0,0.6040908098000001,0.1154421568,0.4983361363,0.14933013920000002,0.568074882,0.0456794538,0.5443806648,0.0,0.3275202215,0.4644731581,0.0072988034000000005,0.046970255700000005,0.163732022,0.8642470241,C:/Users/Alessandro/Desktop/bachelor-s-thesis/datasets/Student-engagement-dataset/Not engaged/drowsy/0241.jpg
0.2975766063,0.5048149228000001,0.6191821694,0.31401714680000004,0.1913137138,0.0,0.5963322520000001,0.3401240706,0.4680469036,0.1435835809,0.5161791444,0.030330412100000002,0.5506929755000001,0.0,0.1905304492,0.4574012458,0.0277283043,0.0382959135,0.0883033201,0.8723917603,C:/Users/Alessandro/Desktop/bachelor-s-thesis/datasets/Student-engagement-dataset/Not engaged/drowsy/0242.jpg
0.289809078,0.45028132200000004,0.6847087741,0.29924783110000003,0.2642134726,0.0,0.5733035803000001,0.0965018645,0.4966893792,0.1892642975,0.6923344135,0.0673996359,0.4439394176,0.0,0.1274390072,0.4564437866,0.0024965818,0.0534169376,0.23250991110000002,0.8351315260000001,C:/Users/Alessandro/Desktop/bachelor-s-thesis/datasets/Student-engagement-dataset/Not engaged/drowsy/0243.jpg
0.32505050300000005,0.46392396090000004,0.6884424686,0.273170799,0.24960538740000002,0.0,0.5817609429,0.12195590140000001,0.4924494326,0.1919169575,0.7059761882000001,0.0741053149,0.4591483474,0.0,0.19470936060000002,0.4820262194,0.0005163025,0.0165294167,0.0453133732,0.803249836,C:/Users/Alessandro/Desktop/bachelor-s-thesis/datasets/Student-engagement-dataset/Not engaged/drowsy/0244.jpg
0.3274892569,0.4573886395,0.6546086073,0.2838106453,0.2398460805,0.0,0.6048069596,0.2919769883,0.49348551030000004,0.3022143245,0.6261821985,0.0849493816,0.5308051109,0.0,0.18045616150000002,0.4676966965,0.0008417134,0.0136759253,0.040648199600000004,0.8089809418,C:/Users/Alessandro/Desktop/bachelor-s-thesis/datasets/Student-engagement-dataset/Not engaged/drowsy/0245.jpg
0.2986592054,0.46940153840000004,0.4113608897,0.2828193605,0.23690865930000002,0.0,0.5986009836,0.3076415062,0.4892157614,0.23407268520000002,0.6616070271000001,0.1823744178,0.5217521787,0.0,0.44891059400000005,0.5367975831,0.0036761537,0.013865022900000001,0.0402669758,0.7995927930000001,C:/Users/Alessandro/Desktop/bachelor-s-thesis/datasets/Student-engagement-dataset/Not engaged/drowsy/0246.jpg
0.3358646333,0.47435501220000004,0.313426733,0.2767905891,0.2634663284,0.0,0.5734097362,0.8482072949,0.4924477935,0.251750648,0.7473972440000001,0.0828649402,0.5617734790000001,0.0,0.5078186393,0.5760319233,0.0059211957,0.0538898297,0.026288176,0.42121839520000004,C:/Users/Alessandro/Desktop/bachelor-s-thesis/datasets/Student-engagement-dataset/Not engaged/drowsy/0247.jpg
0.3048751354,0.49037328360000004,0.6774175763,0.3227238059,0.2555443645,1.0,0.5317696929,0.1480841637,0.49799788,0.12034694850000001,0.6764018536,0.0568696037,0.5873256922,0.0,0.2315872759,0.5747029781,0.0009086412,0.009051294100000001,0.2479104698,0.6303268671000001,C:/Users/Alessandro/Desktop/bachelor-s-thesis/datasets/Student-engagement-dataset/Not engaged/drowsy/0248.jpg
0.34969431160000003,0.5106869936,0.8030687571,0.2785182297,0.286801517,1.0,0.5643697977000001,0.6825736761,0.4915311337,0.2156027108,0.8020792007,0.0659253001,0.5354702473,1.0,0.5191774964,0.5760319233,0.0030918990000000004,0.046370446700000005,0.1010311842,0.6150546074000001,C:/Users/Alessandro/Desktop/bachelor-s-thesis/datasets/Student-engagement-dataset/Not engaged/drowsy/0249.jpg
0.2939041555,0.4562817216,0.7339636087,0.3259920776,0.2799189687,0.0,0.5592529178,0.8119722009,0.5017716289,0.2061390579,0.6860762835,0.053379662300000005,0.3763360083,1.0,0.3112123311,0.5778588653,0.0033327374000000002,0.0571335927,0.12033341830000001,0.5786178708,C:/Users/Alessandro/Desktop/bachelor-s-thesis/datasets/Student-engagement-dataset/Not engaged/drowsy/0250.jpg
0.5022467971,0.4620034099,0.2931841016,0.3104361594,0.3589985371,1.0,0.4572741389,0.0457442291,0.4738037288,0.29893600940000004,0.2857649028,0.2157848775,0.5090256333000001,1.0,0.4723522663,0.5780255198,0.9930826426,0.4934176207,0.0504911579,0.7014712691,C:/Users/Alessandro/Desktop/bachelor-s-thesis/datasets/Student-engagement-dataset/Not engaged/drowsy/0281.jpg
0.31144848470000003,0.5427359939,0.3341866732,0.32549133900000005,0.36859560010000003,1.0,0.46926063300000004,0.0266945232,0.47112220530000004,0.1685944796,0.3448080122,0.32373136280000003,0.5817328691,0.0,0.4618351758,0.5607265234000001,0.0076893102000000005,0.2702335119,0.1043485999,0.6857507229,C:/Users/Alessandro/Desktop/bachelor-s-thesis/datasets/Student-engagement-dataset/Not engaged/drowsy/0312.jpg
0.2938450575,0.4723596573,0.4456111193,0.2318765223,0.2625575364,1.0,0.3879367709,0.1871790439,0.4695467055,0.1117669642,0.43018794060000004,0.5090610981,0.6115342379,0.0,0.5003579855,0.604836762,0.0093311295,0.14113235470000002,0.2705069482,0.5729065537,C:/Users/Alessandro/Desktop/bachelor-s-thesis/datasets/Student-engagement-dataset/Not engaged/drowsy/0313.jpg
0.404545635,0.48712158200000005,0.4860955477,0.3193102181,0.2650343478,0.0,0.44689732790000003,0.4124401212,0.470613569,0.1025590301,0.44142180680000004,0.34297019240000004,0.5663463473,0.0,0.4516349435,0.6026414037,0.006042699800000001,0.2859744132,0.3167432249,0.45942851900000004,C:/Users/Alessandro/Desktop/bachelor-s-thesis/datasets/Student-engagement-dataset/Not engaged/drowsy/0314.jpg
0.5434235334,0.42472350600000003,0.33494335410000003,0.30407464500000003,0.2904536426,0.0,0.4895828068,0.09303408120000001,0.4734604657,0.19485387210000002,0.3014295399,0.5197793841,0.6099556088,0.0,0.6351920366,0.5986365676000001,0.0019909372,0.20109111070000002,0.22150708730000002,0.46024951340000003,C:/Users/Alessandro/Desktop/bachelor-s-thesis/datasets/Student-engagement-dataset/Not engaged/drowsy/0315.jpg
0.45922842620000004,0.4073354006,0.2825941443,0.30088558790000003,0.2896032035,1.0,0.4491482973,0.0050014728,0.46379458900000003,0.2141309679,0.3855523467,0.44619798660000004,0.6515621543,0.0,0.5258021951,0.5986365676000001,0.1563298106,0.1747477204,0.2259740829,0.6376426816,C:/Users/Alessandro/Desktop/bachelor-s-thesis/datasets/Student-engagement-dataset/Not engaged/drowsy/0316.jpg
0.47017106410000004,0.4763611853,0.2628963888,0.3541609347,0.23495784400000003,1.0,0.44839984180000003,0.005502683600000001,0.4701666534,0.1939728558,0.3108963966,0.3474248052,0.5936627388,0.0,0.4076477885,0.5917248726000001,0.0283657499,0.4039496779,0.3118592203,0.6762359142000001,C:/Users/Alessandro/Desktop/bachelor-s-thesis/datasets/Student-engagement-dataset/Not engaged/drowsy/0317.jpg
0.5344452858000001,0.4558439553,0.31034937500000004,0.2753085196,0.20304207500000002,0.0,0.3211277723,0.155466333,0.47203242780000004,0.0834438577,0.28013399240000003,0.2686415017,0.680595696,0.0,0.5256425142,0.5962886214,0.0103072301,0.3311434388,0.0510160848,0.6467337608,C:/Users/Alessandro/Desktop/bachelor-s-thesis/datasets/Student-engagement-dataset/Not engaged/drowsy/0318.jpg
0.6535155177,0.4313979745,0.1454845518,0.2713562846,0.2371275723,0.0,0.35310280320000004,0.3002050221,0.4709642529,0.1272457391,0.31487602000000003,0.403086096,0.6617282033,0.0,0.37892711160000003,0.6050332189000001,0.0158896428,0.1564062387,0.031582992500000004,0.5523103476,C:/Users/Alessandro/Desktop/bachelor-s-thesis/datasets/Student-engagement-dataset/Not engaged/drowsy/0319.jpg
0.5202733874000001,0.4500199556,0.12339631470000001,0.3328903019,0.2078621984,0.0,0.45735600590000003,0.7669062614000001,0.4692292213,0.1318808198,0.3560263515,0.7627399564,0.6893271804000001,0.0,0.6955925822,0.5942612886,0.0010120638,0.20551271740000002,0.292735815,0.6942364573,C:/Users/Alessandro/Desktop/bachelor-s-thesis/datasets/Student-engagement-dataset/Not engaged/drowsy/0320.jpg
0.5695539117,0.5731097460000001,0.307315439,0.3100772202,0.1981815845,0.0,0.37750405070000004,0.1243649349,0.4694076777,0.1986712515,0.4482159019,0.3387644291,0.6590605974,0.0,0.5740251541,0.5844621062,0.0111969206,0.2131889462,0.1243363023,0.5944492817,C:/Users/Alessandro/Desktop/bachelor-s-thesis/datasets/Student-engagement-dataset/Not engaged/drowsy/0321.jpg
0.5891475677,0.5280076265,0.198979333,0.2958103418,0.2251334637,0.0,0.40777578950000004,0.049216345,0.46940219400000005,0.099937357,0.2664245665,0.3245507181,0.6717574596,0.0,0.6231225729000001,0.5992475748,0.0085148653,0.2260782272,0.11443098630000001,0.4996660054,C:/Users/Alessandro/Desktop/bachelor-s-thesis/datasets/Student-engagement-dataset/Not engaged/drowsy/0322.jpg
0.6864118576,0.6268926263,0.22320763770000002,0.2570597231,0.163300693,0.0,0.4234777987,0.0052700904,0.4672767222,0.1622531414,0.1679392308,0.5374549031,0.6820649505,0.0,0.6603141427,0.5978456736000001,0.0167612918,0.2756507695,0.33159327510000003,0.5805022120000001,C:/Users/Alessandro/Desktop/bachelor-s-thesis/datasets/Student-engagement-dataset/Not engaged/drowsy/0323.jpg
0.7321384549000001,0.5998933315,0.4556886852,0.3366687,0.1993488967,1.0,0.3456229568,0.2043972313,0.4704613388,0.08620094510000001,0.2793799937,0.41580247880000004,0.6533389091,0.0,0.4882085323,0.6005412936,0.0765466094,0.2788486779,0.47886347770000004,0.5950191617,C:/Users/Alessandro/Desktop/bachelor-s-thesis/datasets/Student-engagement-dataset/Not engaged/drowsy/0324.jpg
0.6369869113000001,0.5221459866,0.1167286336,0.2863146365,0.2125041038,1.0,0.35077220200000003,0.21159654860000002,0.4712092876,0.1467216015,0.2573068142,0.5446693301000001,0.6690658331,0.0,0.444455415,0.5986442566,0.0064880359,0.1894167215,0.35228702430000003,0.6488486528,C:/Users/Alessandro/Desktop/bachelor-s-thesis/datasets/Student-engagement-dataset/Not engaged/drowsy/0325.jpg
0.5339685082,0.5152207017,0.4487883449,0.30501055720000003,0.1835027784,1.0,0.3856475353,0.17466723920000002,0.4748832881,0.0807168931,0.2668068409,0.6765126586,0.6700595617,0.0,0.6973776817,0.6016566753,0.0248529818,0.38338947300000004,0.48146122690000004,0.6082737446,C:/Users/Alessandro/Desktop/bachelor-s-thesis/datasets/Student-engagement-dataset/Not engaged/drowsy/0326.jpg
0.39590528610000003,0.5012422204,0.179688558,0.3286681473,0.1803483367,1.0,0.3512863815,0.0104649132,0.4696111679,0.1069210693,0.3834874928,0.6038323641000001,0.6302617788,0.0,0.5802385807,0.5986442566,0.0036898928,0.1920268238,0.2802752852,0.5869886875,C:/Users/Alessandro/Desktop/bachelor-s-thesis/datasets/Student-engagement-dataset/Not engaged/drowsy/0327.jpg
0.528549552,0.5525113344,0.5440047979,0.3137350082,0.1503832638,0.0,0.2887733281,0.0612132996,0.46899333600000004,0.0828318,0.3701652586,0.1697703302,0.622923553,0.0,0.6169033051,0.5986442566,0.0038108355,0.3633412123,0.5679726005,0.2405291498,C:/Users/Alessandro/Desktop/bachelor-s-thesis/datasets/Student-engagement-dataset/Not engaged/drowsy/0328.jpg
0.4916703999,0.4877918363,0.25172686580000003,0.2734746635,0.18352891500000001,1.0,0.3535130918,0.0341386423,0.47088187930000003,0.1335829645,0.44656759500000004,0.2550100088,0.6104764342,0.0,0.5556779504,0.5986365676000001,0.0023911132,0.2209769338,0.1467010379,0.1115708426,C:/Users/Alessandro/Desktop/bachelor-s-thesis/datasets/Student-engagement-dataset/Not engaged/drowsy/0329.jpg
0.5564299822000001,0.5250869989,0.1379294693,0.3003356457,0.1644630134,1.0,0.3137921691,0.0858687088,0.46893152590000003,0.1266900599,0.4319165051,0.2545341849,0.5893200040000001,0.0,0.7051156759,0.5806828141,0.0186015125,0.2245848775,0.2777281404,0.5801100135,C:/Users/Alessandro/Desktop/bachelor-s-thesis/datasets/Student-engagement-dataset/Not engaged/drowsy/0336.jpg
0.4509694576,0.4022168815,0.2183637321,0.2447412461,0.25747868420000003,1.0,0.3746179342,0.3167141974,0.4706292152,0.2601770759,0.5867650509,0.3825347424,0.6357709765,0.0,0.7333327532,0.5848723650000001,0.0022418972,0.3292235732,0.0645620674,0.6405778527,C:/Users/Alessandro/Desktop/bachelor-s-thesis/datasets/Student-engagement-dataset/Not engaged/drowsy/0358.jpg
0.5385598540000001,0.5013403893,0.3491141796,0.2702128887,0.1806165129,1.0,0.4093347788,0.018570981900000002,0.47078949210000004,0.1179389358,0.36450433730000004,0.5869466662,0.6536608934,0.0,0.5480585098,0.5960848927,0.0441833399,0.1662644744,0.6360349059,0.5723434091,C:/Users/Alessandro/Desktop/bachelor-s-thesis/datasets/Student-engagement-dataset/Not engaged/drowsy/0359.jpg
0.5986117721,0.4147462845,0.3144135773,0.25193440910000003,0.2175091207,1.0,0.4055905044,0.0870792344,0.4698436856,0.1029192507,0.4768309891,0.4462043047,0.5778073072000001,0.0,0.4100430906,0.5926833749,0.010234097000000001,0.2843338251,0.2908012569,0.49083387850000004,C:/Users/Alessandro/Desktop/bachelor-s-thesis/datasets/Student-engagement-dataset/Not engaged/drowsy/0360.jpg
0.4690618217,0.40965569020000003,0.27573719620000003,0.30441451070000003,0.2697275281,1.0,0.363668412,0.0484545901,0.4727227986,0.179709956,0.3577860594,0.5580462813,0.6219963431000001,0.0,0.5168256760000001,0.5884626508,0.0493980721,0.5106741786,0.40431269999999997,0.6920458078,C:/Users/Alessandro/Desktop/bachelor-s-thesis/datasets/Student-engagement-dataset/Not engaged/drowsy/0361.jpg
0.4721449018,0.410133332,0.262083292,0.3072701693,0.2503590584,1.0,0.3475862443,0.3853994012,0.47061267500000004,0.1631010175,0.3173323274,0.33132520320000003,0.6173086166,0.0,0.509608984,0.5886545181,0.0725582615,0.3192038834,0.111373812,0.541762352,C:/Users/Alessandro/Desktop/bachelor-s-thesis/datasets/Student-engagement-dataset/Not engaged/drowsy/0362.jpg
0.4011694491,0.4669954777,0.2850523889,0.3224404752,0.2680290937,1.0,0.5710620284,0.0174608976,0.4766789079,0.10404909400000001,0.5125923157,0.5505917668,0.6406084895,0.0,0.46755427120000004,0.6050332189000001,0.0591775775,0.2911659777,0.11210332810000001,0.5026427507,C:/Users/Alessandro/Desktop/bachelor-s-thesis/datasets/Student-engagement-dataset/Not engaged/drowsy/0363.jpg
0.4664096534,0.4984601736,0.2788961232,0.32887700200000003,0.2174795717,1.0,0.5119281411000001,0.0090732826,0.4674568176,0.1155713797,0.4422964156,0.4491682947,0.5923822522000001,0.0,0.4819360673,0.5861834288000001,0.0057611042000000005,0.2909704745,0.28768840430000003,0.6677709818,C:/Users/Alessandro/Desktop/bachelor-s-thesis/datasets/Student-engagement-dataset/Not engaged/drowsy/0364.jpg
0.4777715504,0.5346419811,0.3231307268,0.31289860610000003,0.23338434100000002,0.0,0.46982425450000004,0.1191409305,0.4701696634,0.1105985045,0.3886132836,0.35318514700000003,0.6303049922,0.0,0.42844545840000003,0.6026414037,0.0116219679,0.1703051925,0.3785161674,0.5650839806,C:/Users/Alessandro/Desktop/bachelor-s-thesis/datasets/Student-engagement-dataset/Not engaged/drowsy/0365.jpg
0.5438753963,0.5525262356,0.2704052329,0.4066359699,0.1707312614,1.0,0.4556770623,0.0372248851,0.4716482162,0.11265879120000001,0.23109148440000002,0.5160228014,0.6224010587000001,0.0,0.5779161453,0.5926756859,0.0407452546,0.24179069700000003,0.4571933448,0.6296158433,C:/Users/Alessandro/Desktop/bachelor-s-thesis/datasets/Student-engagement-dataset/Not engaged/drowsy/0366.jpg
0.5445668101,0.5283014774,0.2015173137,0.30390641090000003,0.1620906442,1.0,0.3747140765,0.0240830332,0.46940797570000004,0.12595513460000002,0.291133523,0.3330352306,0.6681576967,0.0,0.40139046310000004,0.5942940712,0.0150228823,0.3796857893,0.4128454328,0.56461519,C:/Users/Alessandro/Desktop/bachelor-s-thesis/datasets/Student-engagement-dataset/Not engaged/drowsy/0367.jpg
0.4598051608,0.48267823460000003,0.1651801765,0.31895262,0.14974223080000001,1.0,0.43392914530000004,0.0423156247,0.47101429100000003,0.0849184766,0.3604051769,0.6505527496,0.5648727417,0.0,0.4443385005,0.5551889539,0.025971859700000002,0.2874750495,0.3885270357,0.663764596,C:/Users/Alessandro/Desktop/bachelor-s-thesis/datasets/Student-engagement-dataset/Not engaged/drowsy/0368.jpg
0.5069802403,0.5242612362,0.3833136559,0.2938250005,0.2013768256,1.0,0.4584616125,0.056520804800000005,0.46811074020000004,0.1315451115,0.3618451357,0.2524372637,0.5952177048,0.0,0.5250532627,0.5908878446,0.0031814580000000003,0.3096206486,0.34384676810000003,0.5715911984000001,C:/Users/Alessandro/Desktop/bachelor-s-thesis/datasets/Student-engagement-dataset/Not engaged/drowsy/0369.jpg
0.6145331264,0.5419701934,0.3024503887,0.4074622691,0.2004339397,1.0,0.406119436,0.0365254842,0.4648706615,0.1170602664,0.3466100991,0.5335396528,0.6453457475000001,0.0,0.3585942388,0.5690783858,0.10544059430000001,0.2844557762,0.31881690030000004,0.5968084335,C:/Users/Alessandro/Desktop/bachelor-s-thesis/datasets/Student-engagement-dataset/Not engaged/drowsy/0370.jpg
0.4962587953,0.5383545756,0.195793882,0.2691206932,0.183298558,1.0,0.3730468154,0.0344563648,0.4682416916,0.10794618730000001,0.19154731930000002,0.2101236433,0.6196931601,0.0,0.5470025539,0.5858435035,0.011764641900000001,0.2679340541,0.44292065500000005,0.6659008861,C:/Users/Alessandro/Desktop/bachelor-s-thesis/datasets/Student-engagement-dataset/Not engaged/drowsy/0371.jpg
0.4888305962,0.5294016004000001,0.20915712420000002,0.2532769144,0.18302246930000002,1.0,0.3589393497,0.0224772226,0.4723601639,0.10165949170000001,0.3164492548,0.4537498057,0.6964727044,0.0,0.5660588741,0.6016566753,0.07506601510000001,0.4823461473,0.3834869862,0.6267526746000001,C:/Users/Alessandro/Desktop/bachelor-s-thesis/datasets/Student-engagement-dataset/Not engaged/drowsy/0372.jpg
0.48242220280000003,0.46209707860000004,0.43498882650000004,0.2719305158,0.18308478590000002,1.0,0.36684829,0.0051197102000000005,0.46868115660000004,0.0910943523,0.3849450648,0.5221663117,0.6188733578,0.0,0.397284627,0.6050332189000001,0.0023876147,0.2415463179,0.5262868404000001,0.5698125362,C:/Users/Alessandro/Desktop/bachelor-s-thesis/datasets/Student-engagement-dataset/Not engaged/drowsy/0373.jpg
0.5292091966,0.5140826702,0.3460580707,0.30920788650000003,0.1751507521,1.0,0.37453705070000004,0.0165432896,0.4740343094,0.1976385564,0.3181005716,0.3275827169,0.6657009721,0.0,0.6809004545,0.5947541595,0.0565422624,0.5213471651,0.6841640472,0.5961403251,C:/Users/Alessandro/Desktop/bachelor-s-thesis/datasets/Student-engagement-dataset/Not engaged/drowsy/0392.jpg
0.6568393111,0.5565859079000001,0.2083134651,0.3439662457,0.1376613528,1.0,0.3710182309,0.0022393567,0.4721227586,0.08899507670000001,0.2134143114,0.7592909932,0.6215317845,0.0,0.4705430567,0.5926833749,0.034576941300000004,0.5721278191,0.2458757013,0.7571504712,C:/Users/Alessandro/Desktop/bachelor-s-thesis/datasets/Student-engagement-dataset/Not engaged/drowsy/0393.jpg
0.5951095223,0.5171808004,0.1673395634,0.4642013609,0.1323546469,1.0,0.31987488270000003,0.0330248997,0.4707192183,0.0995948613,0.20280416310000002,0.3656175137,0.6765330434,0.0,0.5940193534,0.5745145082,0.013162835500000001,0.1596597582,0.3735855222,0.6140853763,C:/Users/Alessandro/Desktop/bachelor-s-thesis/datasets/Student-engagement-dataset/Not engaged/drowsy/0394.jpg
0.4961453974,0.4640619159,0.2619914711,0.3324791789,0.1115908548,0.0,0.2832984924,0.0014472874000000001,0.4636422992,0.06555555760000001,0.2583808899,0.5035730004,0.6304732561,0.0,0.4388034046,0.5924318433,0.1131158024,0.1563115716,0.4088306129,0.6264058352,C:/Users/Alessandro/Desktop/bachelor-s-thesis/datasets/Student-engagement-dataset/Not engaged/drowsy/0395.jpg
0.4993078113,0.5194179416,0.3896170259,0.30774071810000003,0.1795071214,1.0,0.39430060980000003,0.0111800814,0.47036868330000003,0.1038176566,0.3045316339,0.3745531738,0.6318244934,0.0,0.5719550252,0.6036939621,0.008376618800000001,0.1485977769,0.3888256252,0.555742681,C:/Users/Alessandro/Desktop/bachelor-s-thesis/datasets/Student-engagement-dataset/Not engaged/drowsy/0396.jpg
0.37137085200000003,0.4788478613,0.1727041155,0.3603813946,0.1376011372,1.0,0.37740030880000003,0.1142356098,0.4712586701,0.11992733180000001,0.2993359566,0.3751018941,0.6369920969,0.0,0.5328265429,0.5722973347,0.0154878898,0.35881736870000003,0.4762559831,0.5914695263,C:/Users/Alessandro/Desktop/bachelor-s-thesis/datasets/Student-engagement-dataset/Not engaged/drowsy/0397.jpg
0.5138133764,0.4953942597,0.2899836898,0.36033305530000004,0.1680771708,1.0,0.47357216480000003,0.0016150676,0.46989095210000004,0.14835698900000002,0.2081217766,0.6233614087,0.6774488688,0.0,0.6401292086,0.5722273588,0.014359540300000001,0.1797685027,0.4110279083,0.8371702433,C:/Users/Alessandro/Desktop/bachelor-s-thesis/datasets/Student-engagement-dataset/Not engaged/drowsy/0398.jpg
0.6216342449000001,0.5408260822000001,0.1832170784,0.33357515930000003,0.1559219956,1.0,0.3520272374,0.0009453358,0.4670732617,0.1784010828,0.2909787893,0.6344707608,0.6461089253,0.0,0.585793972,0.606014967,0.0581916347,0.2908537388,0.8084362745,0.605959177,C:/Users/Alessandro/Desktop/bachelor-s-thesis/datasets/Student-engagement-dataset/Not engaged/drowsy/0399.jpg
0.5529915094,0.5378538966,0.42915883660000004,0.3168333471,0.17742195730000002,1.0,0.3703460693,0.015515625500000001,0.47074034810000004,0.1403876692,0.4691514969,0.4109934568,0.6540193558,0.0,0.6694043279,0.5967021585,0.0878925696,0.3182633519,0.6299672723,0.6787762046,C:/Users/Alessandro/Desktop/bachelor-s-thesis/datasets/Student-engagement-dataset/Not engaged/drowsy/0400.jpg
0.7036417723,0.5944929123,0.3731522262,0.2940652668,0.16291022300000002,1.0,0.319678098,0.0177478082,0.46839496490000004,0.1096492931,0.40337005260000003,0.2707073987,0.6135949492,0.0,0.508864522,0.5815833211,0.09004805240000001,0.3487252891,0.3245177865,0.7043626308000001,C:/Users/Alessandro/Desktop/bachelor-s-thesis/datasets/Student-engagement-dataset/Not engaged/drowsy/0401.jpg
0.6868532896,0.4992663264,0.3192538023,0.3278712332,0.1850770712,1.0,0.43471542,0.0090931756,0.472612381,0.1278101951,0.23278707270000001,0.7564125657,0.7363014817,0.0,0.4701475799,0.6013380289,0.0401837304,0.2356630117,0.4034832418,0.7267709374,C:/Users/Alessandro/Desktop/bachelor-s-thesis/datasets/Student-engagement-dataset/Not engaged/drowsy/0402.jpg
0.49308323860000003,0.45626354220000004,0.3321485221,0.3022555709,0.1680816114,1.0,0.4284670353,0.0622113906,0.4683171809,0.13652507960000002,0.3420813084,0.7538176775000001,0.6862257719,0.0,0.7442765236000001,0.606014967,0.0016012356,0.3506876826,0.1306528449,0.9017495513,C:/Users/Alessandro/Desktop/bachelor-s-thesis/datasets/Student-engagement-dataset/Not engaged/drowsy/0403.jpg
0.6564076543,0.46962484720000003,0.3892026544,0.3707548082,0.2183248401,1.0,0.3733505011,0.0064234901,0.46562996510000004,0.13452507560000002,0.3186855316,0.4718399346,0.6366176605,0.0,0.7827076316,0.6042357683,0.056027103200000004,0.2241461575,0.0720530078,0.6204419136,C:/Users/Alessandro/Desktop/bachelor-s-thesis/datasets/Student-engagement-dataset/Not engaged/drowsy/0404.jpg
0.4263606668,0.46229577060000004,0.187810421,0.2807732821,0.244116202,0.0,0.36229369040000003,0.044609647200000005,0.4688975811,0.2288160324,0.3419072926,0.6591188312,0.6456754804,0.0,0.6320029497,0.609457314,0.035455979400000004,0.1308406591,0.0838532671,0.6072178483,C:/Users/Alessandro/Desktop/bachelor-s-thesis/datasets/Student-engagement-dataset/Not engaged/drowsy/0405.jpg
0.31689018010000003,0.4540138245,0.18531298640000002,0.2815679014,0.16610433160000002,1.0,0.3795709312,0.1619919538,0.4660243392,0.11299057300000001,0.4612560868,0.5264566541,0.6771861911,0.0,0.2720152736,0.49698418380000003,0.002972068,0.0875326619,0.1033286974,0.5675137639,C:/Users/Alessandro/Desktop/bachelor-s-thesis/datasets/Student-engagement-dataset/Not engaged/drowsy/0406.jpg
0.4466073513,0.5032743216,0.1957426965,0.29146352410000004,0.21900102500000002,0.0,0.4370078146,0.0285599958,0.46730276940000004,0.1044524089,0.3336676657,0.6689702272,0.6156488657,0.0,0.42558684950000003,0.4717038572,0.007267672100000001,0.1619323343,0.045257110100000005,0.6638855934,C:/Users/Alessandro/Desktop/bachelor-s-thesis/datasets/Student-engagement-dataset/Not engaged/drowsy/0407.jpg
0.2095456421,0.43861758710000004,0.19677060840000002,0.2749496102,0.127618596,0.0,0.36063292620000004,0.5683870912,0.46501621600000004,0.058422856,0.3384359777,0.6906702518000001,0.5954582095000001,0.0,0.2073536515,0.509758532,0.005097806000000001,0.1465931386,0.014888905000000001,0.5649439096000001,C:/Users/Alessandro/Desktop/bachelor-s-thesis/datasets/Student-engagement-dataset/Not engaged/drowsy/0408.jpg
0.2910156548,0.5135290027,0.28876706960000004,0.3402096033,0.2536459267,1.0,0.3746067584,0.5247716308,0.4638267756,0.2889464498,0.3887188733,0.46259802580000003,0.6103122830000001,1.0,0.43270751830000004,0.5895783305,0.0323072746,0.1922287643,0.3191764057,0.7997627854,C:/Users/Alessandro/Desktop/bachelor-s-thesis/datasets/Student-engagement-dataset/Not engaged/drowsy/0441.jpg
0.23828803,0.4523596466,0.4472931027,0.2719977498,0.251249671,1.0,0.5438566208,0.6031876802,0.4645002186,0.1777579188,0.3699508905,0.2903237939,0.5683112144,0.0,0.4198423624,0.4559617341,0.057908643,0.1036886051,0.0546991825,0.7722231150000001,C:/Users/Alessandro/Desktop/bachelor-s-thesis/datasets/Student-engagement-dataset/Not engaged/drowsy/0442.jpg
0.2567904592,0.4335444272,0.1163354665,0.2652703822,0.29069513080000003,1.0,0.3744836748,0.0539848469,0.4667049944,0.23584432900000002,0.5161575675,0.5770359635,0.5723953247,0.0,0.5860852599,0.4929361045,0.0132997306,0.0775806382,0.07028973100000001,0.44824421410000004,C:/Users/Alessandro/Desktop/bachelor-s-thesis/datasets/Student-engagement-dataset/Not engaged/drowsy/0443.jpg
0.2128880471,0.44803419710000003,0.3458066583,0.2858070433,0.25340780620000003,0.0,0.3782314658,0.2202271223,0.46715244650000004,0.1598992646,0.4968981743,0.5954907537,0.6036369801,0.0,0.3390333951,0.45671203730000004,0.0278167352,0.07890851800000001,0.2390738577,0.8612297177,C:/Users/Alessandro/Desktop/bachelor-s-thesis/datasets/Student-engagement-dataset/Not engaged/drowsy/0444.jpg
0.32232776280000003,0.4634705186,0.5461194515000001,0.2982417941,0.2648987174,0.0,0.3778464794,0.2269684076,0.46813642980000003,0.2361752838,0.4000163376,0.45039603110000004,0.5583149791,0.0,0.5104752779,0.4915765226,0.0035351857,0.09149488060000001,0.1729341894,0.7082253695,C:/Users/Alessandro/Desktop/bachelor-s-thesis/datasets/Student-engagement-dataset/Not engaged/drowsy/0445.jpg
0.3396569788,0.4592694044,0.2256142348,0.31665277480000004,0.30193954710000004,0.0,0.48690241580000004,0.1661296934,0.46614006160000004,0.2903657854,0.5820878148,0.5821053386,0.5906639099000001,0.0,0.5103000402,0.4856808186,0.0143824378,0.0506680794,0.4216265678,0.7939656973,C:/Users/Alessandro/Desktop/bachelor-s-thesis/datasets/Student-engagement-dataset/Not engaged/drowsy/0446.jpg
0.2332181036,0.46074119210000003,0.4529652297,0.2706646025,0.30740970370000004,0.0,0.5898646712,0.25983589890000003,0.46759122610000003,0.15834780040000002,0.38485530020000003,0.47370699050000004,0.6307262182000001,0.0,0.663890183,0.5246630907000001,0.0114625487,0.079246521,0.42201077940000004,0.8559806943,C:/Users/Alessandro/Desktop/bachelor-s-thesis/datasets/Student-engagement-dataset/Not engaged/drowsy/0447.jpg
0.24285927410000002,0.45010954140000003,0.4126453102,0.3160962164,0.2590123117,1.0,0.3938089609,0.48393401500000005,0.4625502527,0.2025903463,0.38084971900000003,0.1545451432,0.6037183404,0.0,0.3803766072,0.4960821271,0.0111345062,0.1454984993,0.16835516690000002,0.7801508307,C:/Users/Alessandro/Desktop/bachelor-s-thesis/datasets/Student-engagement-dataset/Not engaged/drowsy/0448.jpg
0.2582484484,0.3949818909,0.1513747573,0.2621940076,0.46666586400000004,0.0,0.5072354078,0.0392915532,0.4692731202,0.2039155215,0.6477597356,0.356703639,0.6289266348,0.0,0.3751454651,0.5006203055,0.0208271015,0.18677252530000002,0.3936006725,0.9047134519000001,C:/Users/Alessandro/Desktop/bachelor-s-thesis/datasets/Student-engagement-dataset/Not engaged/drowsy/0449.jpg
0.2731620967,0.41414234040000003,0.2011556327,0.3216919601,0.28143492340000004,0.0,0.32143992190000004,0.14526154100000002,0.46736067530000003,0.1520432234,0.49707207080000004,0.48236781360000003,0.5791118145,0.0,0.4175939858,0.4560764134,0.0013053499,0.200214088,0.471328795,0.8487107754000001,C:/Users/Alessandro/Desktop/bachelor-s-thesis/datasets/Student-engagement-dataset/Not engaged/drowsy/0450.jpg
0.2275307178,0.4874416292,0.3129600883,0.2383413613,0.32199257610000004,0.0,0.5525685549,0.2889679074,0.46651667360000004,0.2724756896,0.49380201100000004,0.344234556,0.6175148487000001,0.0,0.7641885877,0.5648619533,0.0267227162,0.0663208216,0.3480239511,0.8738430738,C:/Users/Alessandro/Desktop/bachelor-s-thesis/datasets/Student-engagement-dataset/Not engaged/drowsy/0451.jpg
0.2515191734,0.4405014813,0.1904345751,0.2971240282,0.37783378360000003,0.0,0.48877438900000003,0.0075183408,0.4664804637,0.2721555829,0.5321413279,0.18867257240000002,0.6118267775,0.0,0.5433063507,0.5795429945,0.019428907000000002,0.1892689317,0.2973854244,0.5203483701,C:/Users/Alessandro/Desktop/bachelor-s-thesis/datasets/Student-engagement-dataset/Not engaged/drowsy/0458.jpg
0.2869558334,0.48066127300000006,0.225911513,0.2668131888,0.3371498585,0.0,0.3913396597,0.21385329960000002,0.4671552181,0.2455881685,0.6566468477,0.6000385284,0.6012707353,0.0,0.5204713345,0.5840956569,0.0068246657,0.1157622561,0.3597778976,0.5951789618000001,C:/Users/Alessandro/Desktop/bachelor-s-thesis/datasets/Student-engagement-dataset/Not engaged/drowsy/0459.jpg
0.4185440838,0.49857640270000003,0.3815152645,0.2886633873,0.3519329727,1.0,0.3974989057,0.0438831747,0.4705224633,0.21411485970000002,0.5192670226,0.3249855042,0.48674437400000004,1.0,0.5408374667,0.5688544512,0.9583591819,0.568175137,0.0623179115,0.6611554623,C:/Users/Alessandro/Desktop/bachelor-s-thesis/datasets/Student-engagement-dataset/Not engaged/drowsy/0460.jpg
0.1930610687,0.42381188270000003,0.1698577553,0.3297987878,0.29110333320000004,1.0,0.3927014172,0.3232482076,0.4642522931,0.4086349308,0.47616162900000003,0.1159179062,0.6140339971000001,1.0,0.49473693970000004,0.5774708390000001,0.0701556727,0.0946512595,0.1226962879,0.6863512397,C:/Users/Alessandro/Desktop/bachelor-s-thesis/datasets/Student-engagement-dataset/Not engaged/drowsy/0461.jpg
0.1830756962,0.4313668907,0.2866947651,0.269443959,0.3507678211,1.0,0.4615603387,0.042430177300000003,0.4629189372,0.2406063676,0.4025274813,0.2184625268,0.6097514629,0.0,0.5437366962,0.588459909,0.0010785429000000001,0.0697980523,0.276930511,0.7183158398,C:/Users/Alessandro/Desktop/bachelor-s-thesis/datasets/Student-engagement-dataset/Not engaged/drowsy/0462.jpg
0.2401192188,0.4473028183,0.43843567370000003,0.2616298795,0.3386879265,0.0,0.4753481746,0.5508831143,0.5017200708,0.2174084336,0.46535906200000005,0.1690607965,0.5661073327,1.0,0.3667107522,0.5748926997,0.0132882092,0.057420842300000004,0.0853671506,0.5945529938,C:/Users/Alessandro/Desktop/bachelor-s-thesis/datasets/Student-engagement-dataset/Not engaged/drowsy/0463.jpg
0.2332350463,0.4491703808,0.24938212340000002,0.2637681067,0.3309779167,0.0,0.4053358138,0.7148222327,0.4992269278,0.218165189,0.5722889304000001,0.10818620030000001,0.5376891494,1.0,0.43757036330000004,0.6044080853,0.0112159736,0.12300197780000001,0.050130650400000004,0.7988605499,C:/Users/Alessandro/Desktop/bachelor-s-thesis/datasets/Student-engagement-dataset/Not engaged/drowsy/0464.jpg
0.2942076027,0.4406235516,0.1891739368,0.2975187004,0.3672043383,1.0,0.5023535490000001,0.25851061940000003,0.5050183535,0.3827375174,0.6270958781,0.034521006,0.34840047360000004,1.0,0.3986824155,0.6059806943,0.0764467269,0.14872606100000002,0.4086961448,0.7728963494000001,C:/Users/Alessandro/Desktop/bachelor-s-thesis/datasets/Student-engagement-dataset/Not engaged/drowsy/0465.jpg
0.27392703290000003,0.5026809573000001,0.22081732750000002,0.25273633,0.33562493320000003,0.0,0.4728093445,0.08818498250000001,0.5062112212000001,0.3525448143,0.6310788393,0.2491514981,0.32745110990000004,1.0,0.2528619468,0.5910454988,0.0554442741,0.1317150295,0.06905648860000001,0.8418465853,C:/Users/Alessandro/Desktop/bachelor-s-thesis/datasets/Student-engagement-dataset/Not engaged/drowsy/0466.jpg
0.2334206551,0.4284536242,0.4796301126,0.2708788514,0.41877421740000004,0.0,0.6524119377,0.7750042677000001,0.5010164976,0.6070042253,0.6589223146000001,0.0845814124,0.3403548598,1.0,0.4769343734,0.5923049450000001,0.006334270800000001,0.0796202347,0.09480435400000001,0.8430679440000001,C:/Users/Alessandro/Desktop/bachelor-s-thesis/datasets/Student-engagement-dataset/Not engaged/drowsy/0467.jpg
0.2265240103,0.4235569537,0.2525836229,0.3093669415,0.2746798694,0.0,0.5603779554,0.6495029330000001,0.5031218529,0.2240183949,0.6054513454,0.22801826890000002,0.5662683845,1.0,0.3590927124,0.5847341418,0.0122180097,0.13041579720000002,0.0551061891,0.8681273460000001,C:/Users/Alessandro/Desktop/bachelor-s-thesis/datasets/Student-engagement-dataset/Not engaged/drowsy/0468.jpg
0.2064071894,0.4335593283,0.5194455981,0.22812968490000002,0.2851405144,0.0,0.5953484178,0.5072848797,0.4991805851,0.1551345885,0.7135075331,0.1284792572,0.6465543509,1.0,0.4964307845,0.5994813442,0.0004977313000000001,0.0799606815,0.19009093940000002,0.5226251483000001,C:/Users/Alessandro/Desktop/bachelor-s-thesis/datasets/Student-engagement-dataset/Not engaged/drowsy/0469.jpg
